,Race,Execution Method,State,Sex,Year,Month,Day,Crimes Committed
0,1,4,49,1,1977,01,17,1
1,1,2,12,1,1979,05,25,1
2,1,3,32,1,1979,10,22,1
3,1,2,18,1,1981,03,09,1
4,1,2,51,1,1982,08,10,1
5,2,5,48,1,1982,12,07,1
6,1,2,1,1,1983,04,22,1
7,1,3,28,1,1983,09,02,1
8,1,2,12,1,1983,11,30,1
9,2,2,22,1,1983,12,14,1
10,1,2,13,1,1983,12,15,1
11,1,2,12,1,1984,01,26,1
12,2,2,22,1,1984,02,29,1
13,1,5,48,1,1984,03,14,1
14,1,5,37,1,1984,03,16,1
15,1,5,48,1,1984,03,31,1
16,1,2,22,1,1984,04,05,1
17,1,2,12,1,1984,04,05,1
18,2,2,12,1,1984,05,10,1
19,1,2,12,1,1984,06,20,1
20,2,2,13,1,1984,07,12,1
21,2,2,12,1,1984,07,13,1
22,1,2,12,1,1984,09,07,1
23,1,2,22,1,1984,09,10,1
24,2,2,12,1,1984,09,20,1
25,2,2,51,1,1984,10,12,1
26,2,2,22,1,1984,10,30,1
27,1,5,48,1,1984,10,30,1
28,1,5,37,2,1984,11,02,1
29,1,2,12,1,1984,11,08,1
30,2,2,13,1,1984,12,12,1
31,1,2,22,1,1984,12,28,1
32,1,2,22,1,1985,01,04,1
33,2,2,13,1,1985,01,09,1
34,1,2,45,1,1985,01,11,1
35,1,5,48,1,1985,01,16,1
36,1,2,12,1,1985,01,30,1
37,2,2,13,1,1985,02,20,1
38,1,2,12,1,1985,03,06,1
39,1,5,48,1,1985,03,13,1
40,2,2,13,1,1985,03,20,1
41,2,2,51,1,1985,04,18,1
42,5,5,48,1,1985,05,15,1
43,2,2,12,1,1985,05,29,1
44,2,5,48,1,1985,06,25,1
45,2,2,51,1,1985,06,25,1
46,5,5,48,1,1985,07,09,1
47,1,5,48,1,1985,09,11,1
48,1,2,18,1,1985,10,16,1
49,1,5,32,1,1985,12,06,1
50,1,2,45,1,1986,01,10,1
51,1,5,48,1,1986,03,12,1
52,2,2,1,1,1986,03,21,1
53,2,2,12,1,1986,04,15,1
54,1,5,48,1,1986,04,16,1
55,2,2,12,1,1986,04,22,1
56,1,5,48,1,1986,05,15,1
57,1,2,12,1,1986,05,20,1
58,5,5,48,1,1986,06,09,1
59,1,5,48,1,1986,06,19,1
60,2,2,13,1,1986,06,24,1
61,2,2,51,1,1986,07,31,1
62,1,5,48,1,1986,08,20,1
63,2,5,48,1,1986,08,22,1
64,1,5,48,1,1986,08,26,1
65,1,5,37,1,1986,09,19,1
66,2,5,48,1,1986,12,04,1
67,5,5,48,1,1986,12,18,1
68,5,5,48,1,1987,01,30,1
69,5,5,48,1,1987,03,04,1
70,2,2,13,1,1987,05,15,1
71,2,3,28,1,1987,05,20,1
72,2,2,13,1,1987,05,22,1
73,2,5,48,1,1987,05,28,1
74,1,2,13,1,1987,05,29,1
75,1,2,22,1,1987,06,07,1
76,2,2,22,1,1987,06,09,1
77,1,2,22,1,1987,06,12,1
78,1,2,22,1,1987,06,16,1
79,2,5,48,1,1987,06,24,1
80,1,2,51,1,1987,07,06,1
81,1,5,48,1,1987,07,08,1
82,2,3,28,1,1987,07,08,1
83,2,2,22,1,1987,07,20,1
84,2,2,22,1,1987,07,24,1
85,1,2,22,1,1987,07,30,1
86,1,2,22,1,1987,08,24,1
87,2,2,12,1,1987,08,28,1
88,1,2,1,1,1987,08,28,1
89,2,5,49,1,1987,08,28,1
90,2,2,13,1,1987,09,01,1
91,1,5,48,1,1987,09,10,1
92,1,2,13,1,1987,09,21,1
93,1,5,48,1,1988,01,07,1
94,2,2,12,1,1988,03,15,1
95,1,2,22,1,1988,03,15,1
96,2,2,22,1,1988,04,13,1
97,2,2,51,1,1988,04,14,1
98,1,5,49,1,1988,06,10,1
99,1,2,22,1,1988,06,14,1
100,1,2,13,1,1988,07,28,1
101,2,5,48,1,1988,11,03,1
102,1,2,12,1,1988,11,07,1
103,2,5,48,1,1988,12,13,1
104,1,5,29,1,1989,01,06,1
105,1,2,12,1,1989,01,24,1
106,2,5,48,1,1989,03,22,1
107,1,2,12,1,1989,05,04,1
108,2,2,13,1,1989,05,18,1
109,1,5,48,1,1989,05,24,1
110,2,2,1,1,1989,05,26,1
111,1,5,32,1,1989,06,19,1
112,2,3,28,1,1989,06,21,1
113,1,5,32,1,1989,06,23,1
114,2,2,1,1,1989,07,14,1
115,2,2,1,1,1989,08,18,1
116,2,2,51,1,1989,08,30,1
117,1,5,48,1,1989,09,20,1
118,2,2,1,1,1989,11,17,1
119,5,5,48,1,1989,12,07,1
120,1,5,29,1,1990,01,18,1
121,2,5,48,1,1990,04,21,1
122,1,2,45,1,1990,04,27,1
123,1,2,12,1,1990,05,04,1
124,2,5,29,1,1990,05,11,1
125,1,5,29,1,1990,05,17,1
126,1,5,48,1,1990,05,17,1
127,2,2,22,1,1990,05,18,1
128,1,5,32,1,1990,06,03,1
129,1,2,5,1,1990,06,18,1
130,1,5,5,1,1990,06,25,1
131,2,5,48,1,1990,06,26,1
132,2,2,1,1,1990,07,13,1
133,1,5,48,1,1990,07,18,1
134,1,2,51,1,1990,07,19,1
135,2,2,12,1,1990,07,27,1
136,1,5,29,1,1990,08,31,1
137,1,5,40,1,1990,09,10,1
138,1,5,17,1,1990,09,12,1
139,1,2,12,1,1990,09,21,1
140,2,2,51,1,1990,10,17,1
141,1,2,12,1,1990,11,19,1
142,1,2,51,1,1990,12,13,1
143,2,5,48,1,1991,02,26,1
144,1,2,12,1,1991,04,24,1
145,5,5,48,1,1991,05,23,1
146,1,5,48,1,1991,06,17,1
147,2,2,12,1,1991,06,25,1
148,2,2,22,1,1991,07,22,1
149,1,2,51,1,1991,07,24,1
150,2,2,51,1,1991,08,22,1
151,2,5,29,1,1991,08,23,1
152,1,2,45,1,1991,09,06,1
153,2,5,48,1,1991,09,19,1
154,2,2,13,1,1991,09,25,1
155,1,5,37,1,1991,10,18,1
156,1,5,48,1,1991,11,12,1
157,1,5,56,1,1992,01,22,1
158,5,5,48,1,1992,01,22,1
159,2,5,5,1,1992,01,24,1
160,1,5,48,1,1992,02,11,1
161,1,5,48,1,1992,02,28,1
162,1,5,48,1,1992,03,03,1
163,2,5,40,1,1992,03,10,1
164,1,5,40,1,1992,03,13,1
165,1,5,10,1,1992,03,14,1
166,1,2,1,1,1992,03,20,1
167,1,3,4,1,1992,04,06,1
168,1,3,6,1,1992,04,21,1
169,2,5,48,1,1992,04,23,1
170,1,5,48,1,1992,05,07,1
171,1,5,5,1,1992,05,07,1
172,1,2,12,1,1992,05,12,1
173,5,5,48,1,1992,05,20,1
174,1,2,51,1,1992,05,20,1
175,1,5,48,1,1992,05,22,1
176,2,2,12,1,1992,07,21,1
177,1,2,51,1,1992,07,23,1
178,2,5,49,1,1992,07,30,1
179,2,5,48,1,1992,08,11,1
180,2,2,51,1,1992,09,15,1
181,2,5,48,1,1992,09,22,1
182,1,5,29,1,1992,10,21,1
183,1,5,37,1,1992,10,23,1
184,2,5,48,1,1992,11,19,1
185,2,2,1,1,1992,11,20,1
186,2,5,48,1,1992,12,10,1
187,1,2,51,1,1992,12,10,1
188,1,1,53,1,1993,01,05,1
189,2,2,51,1,1993,01,19,1
190,2,5,29,1,1993,01,27,1
191,1,5,4,1,1993,03,03,1
192,3,5,10,1,1993,03,03,1
193,1,5,22,1,1993,03,05,1
194,2,2,51,1,1993,03,18,1
195,5,5,48,1,1993,03,23,1
196,5,5,48,1,1993,03,25,1
197,1,5,4,1,1993,04,14,1
198,1,2,12,1,1993,04,21,1
199,2,5,48,1,1993,05,04,1
200,1,2,12,1,1993,05,05,1
201,5,5,48,1,1993,05,12,1
202,1,5,48,1,1993,05,18,1
203,1,2,51,1,1993,06,17,1
204,1,2,13,1,1993,06,28,1
205,1,5,48,1,1993,06,29,1
206,2,5,48,1,1993,07,01,1
207,2,5,29,1,1993,07,21,1
208,2,5,29,1,1993,07,28,1
209,2,5,48,1,1993,07,30,1
210,1,5,48,1,1993,08,05,1
211,1,5,48,1,1993,08,12,1
212,2,5,48,1,1993,08,20,1
213,5,5,48,1,1993,08,24,1
214,1,3,6,1,1993,08,24,1
215,1,2,12,1,1993,08,25,1
216,2,5,48,1,1993,08,31,1
217,2,5,10,1,1993,08,31,1
218,1,5,48,1,1993,09,03,1
219,2,2,51,1,1993,09,14,1
220,2,5,48,1,1993,09,28,1
221,1,5,29,1,1993,10,06,1
222,1,5,48,1,1993,11,10,1
223,1,2,13,1,1993,12,07,1
224,2,5,48,1,1993,12,15,1
225,1,2,51,1,1993,12,16,1
226,1,5,16,1,1994,01,06,1
227,1,5,48,1,1994,02,02,1
228,2,2,51,1,1994,03,03,1
229,2,5,48,1,1994,03,31,1
230,2,2,13,1,1994,03,31,1
231,1,5,48,1,1994,04,04,1
232,1,2,12,1,1994,04,22,1
233,1,5,48,1,1994,04,26,1
234,2,2,51,1,1994,04,27,1
235,2,5,48,1,1994,05,03,1
236,1,5,17,1,1994,05,10,1
237,2,5,5,1,1994,05,11,1
238,1,5,5,1,1994,05,11,1
239,1,5,24,1,1994,05,17,1
240,1,5,48,1,1994,05,27,1
241,1,1,53,1,1994,05,27,1
242,1,5,48,1,1994,06,14,1
243,1,3,37,1,1994,06,15,1
244,2,5,10,1,1994,06,23,1
245,1,5,48,1,1994,08,02,1
246,1,5,5,1,1994,08,03,1
247,1,5,5,1,1994,08,03,1
248,1,5,5,1,1994,08,03,1
249,2,2,31,1,1994,09,02,1
250,5,5,48,1,1994,09,16,1
251,1,5,48,1,1994,09,20,1
252,2,5,48,1,1994,10,05,1
253,1,5,48,1,1994,11,22,1
254,2,5,48,1,1994,12,06,1
255,2,2,18,1,1994,12,08,1
256,1,5,48,1,1994,12,11,1
257,1,5,48,1,1995,01,04,1
258,5,5,48,1,1995,01,17,1
259,1,5,37,1,1995,01,24,1
260,2,5,51,1,1995,01,24,1
261,1,5,48,1,1995,01,31,1
262,2,5,48,1,1995,01,31,1
263,1,5,48,1,1995,02,07,1
264,1,5,48,1,1995,02,16,1
265,2,5,48,1,1995,02,21,1
266,1,5,10,1,1995,03,17,1
267,1,5,40,1,1995,03,20,1
268,2,5,17,1,1995,03,22,1
269,1,5,17,1,1995,03,22,1
270,1,5,48,1,1995,04,06,1
271,1,2,13,1,1995,04,07,1
272,1,5,5,1,1995,04,19,1
273,2,2,1,1,1995,04,28,1
274,1,5,42,1,1995,05,02,1
275,2,5,29,1,1995,05,03,1
276,1,5,30,1,1995,05,10,1
277,2,2,1,1,1995,05,12,1
278,2,5,22,1,1995,05,16,1
279,2,5,17,1,1995,05,17,1
280,1,2,13,1,1995,05,17,1
281,2,5,51,1,1995,05,25,1
282,1,5,48,1,1995,06,01,1
283,2,5,48,1,1995,06,08,1
284,2,5,48,1,1995,06,20,1
285,2,5,48,1,1995,06,21,1
286,2,5,29,1,1995,06,21,1
287,1,5,40,1,1995,07,01,1
288,1,2,12,1,1995,07,18,1
289,2,5,29,1,1995,07,26,1
290,1,5,40,1,1995,08,11,1
291,2,5,48,1,1995,08,15,1
292,1,5,42,1,1995,08,16,1
293,2,5,45,1,1995,08,18,1
294,2,5,5,1,1995,08,31,1
295,1,5,4,1,1995,09,13,1
296,2,5,48,1,1995,09,19,1
297,1,5,17,1,1995,09,20,1
298,1,5,37,1,1995,09,22,1
299,1,5,51,1,1995,09,27,1
300,1,5,48,1,1995,10,04,1
301,1,5,51,1,1995,10,19,1
302,2,5,51,1,1995,11,13,1
303,1,5,29,1,1995,11,15,1
304,1,5,17,1,1995,11,22,1
305,1,5,29,1,1995,11,29,1
306,2,2,12,1,1995,12,04,1
307,1,2,12,1,1995,12,05,1
308,1,5,29,1,1995,12,06,1
309,2,5,48,1,1995,12,06,1
310,4,5,48,1,1995,12,07,1
311,5,5,48,1,1995,12,11,1
312,1,5,48,1,1995,12,12,1
313,1,5,51,1,1996,01,04,1
314,2,5,51,1,1996,01,23,1
315,1,1,10,1,1996,01,25,1
317,2,5,10,1,1996,01,30,1
318,1,5,48,1,1996,02,09,1
319,2,2,1,1,1996,02,16,1
320,1,5,29,1,1996,02,21,1
321,1,5,6,1,1996,02,23,1
322,2,5,48,1,1996,02,27,1
323,2,5,22,1,1996,03,01,1
324,1,5,32,1,1996,03,30,1
325,1,5,29,1,1996,04,10,1
327,1,5,40,1,1996,04,26,1
328,1,5,6,1,1996,05,03,1
329,1,5,45,1,1996,05,31,1
330,1,5,4,1,1996,06,19,1
331,1,2,31,1,1996,07,17,1
332,1,5,51,1,1996,07,17,1
333,2,5,18,1,1996,07,18,1
334,1,5,45,1,1996,07,19,1
335,3,5,29,1,1996,07,31,1
336,2,5,29,1,1996,08,07,1
337,1,5,5,1,1996,08,08,1
338,1,5,40,1,1996,08,09,1
339,1,5,29,1,1996,08,21,1
340,5,5,4,1,1996,08,22,1
341,1,5,45,1,1996,09,06,1
342,1,5,41,1,1996,09,06,1
343,2,5,17,1,1996,09,18,1
344,5,5,48,1,1996,09,18,1
345,1,2,45,1,1996,10,04,1
346,2,2,12,1,1996,10,21,1
347,1,2,13,1,1996,11,14,1
348,1,5,45,1,1996,11,15,1
349,1,2,13,1,1996,11,15,1
350,2,5,51,1,1996,11,21,1
351,2,5,45,1,1996,11,22,1
352,1,5,51,1,1996,12,03,1
353,2,2,12,1,1996,12,06,1
354,2,5,51,1,1996,12,10,1
355,1,5,29,1,1996,12,11,1
356,1,5,51,1,1996,12,12,1
357,1,5,51,1,1996,12,16,1
358,1,5,5,1,1997,01,08,1
359,5,5,5,1,1997,01,08,1
360,2,5,5,1,1997,01,08,1
361,1,2,1,1,1997,01,10,1
362,1,5,4,1,1997,01,23,1
363,1,5,29,1,1997,01,29,1
364,1,5,51,1,1997,02,06,1
365,1,5,48,1,1997,02,10,1
366,2,5,51,1,1997,02,26,1
367,2,5,48,1,1997,03,12,1
368,5,2,12,1,1997,03,25,1
369,1,5,48,1,1997,04,02,1
370,1,5,48,1,1997,04,03,1
371,1,5,48,1,1997,04,14,1
372,1,5,48,1,1997,04,16,1
373,1,5,48,1,1997,04,21,1
374,1,5,22,1,1997,04,24,1
375,1,5,48,1,1997,04,29,1
376,2,2,1,1,1997,05,02,1
377,2,5,48,1,1997,05,06,1
378,3,5,40,1,1997,05,08,1
379,2,5,48,1,1997,05,13,1
380,1,5,41,1,1997,05,16,1
381,1,5,48,1,1997,05,16,1
382,1,5,48,1,1997,05,19,1
383,1,5,48,1,1997,05,20,1
384,2,5,48,1,1997,05,21,1
385,1,5,48,1,1997,05,22,1
386,1,5,48,1,1997,05,28,1
387,2,5,48,1,1997,06,02,1
388,2,5,48,1,1997,06,03,1
389,2,5,48,1,1997,06,04,1
390,5,5,48,1,1997,06,04,1
391,1,2,1,1,1997,06,06,1
392,1,5,48,1,1997,06,11,1
393,1,5,45,1,1997,06,13,1
394,1,5,48,1,1997,06,16,1
395,2,5,48,1,1997,06,17,1
396,5,5,48,1,1997,06,18,1
397,1,5,4,1,1997,06,25,1
398,1,2,21,1,1997,07,01,1
399,2,5,24,1,1997,07,02,1
400,1,5,51,1,1997,07,17,1
401,1,5,51,1,1997,07,23,1
402,3,5,48,1,1997,07,29,1
403,1,5,29,1,1997,08,06,1
404,1,5,5,1,1997,08,06,1
405,1,5,29,1,1997,08,13,1
406,2,5,51,1,1997,08,19,1
407,1,5,29,1,1997,08,20,1
408,2,5,48,1,1997,09,09,1
409,5,5,51,1,1997,09,17,1
410,2,5,48,1,1997,09,22,1
411,2,5,29,1,1997,09,24,1
412,1,5,48,1,1997,09,25,1
413,1,5,48,1,1997,09,30,1
414,2,5,48,1,1997,10,01,1
415,1,5,48,1,1997,10,08,1
416,1,5,8,1,1997,10,13,1
417,1,5,29,1,1997,10,22,1
418,2,5,48,1,1997,10,28,1
419,4,5,48,1,1997,11,04,1
420,1,5,48,1,1997,11,06,1
421,2,5,45,1,1997,11,07,1
422,2,5,51,1,1997,11,13,1
423,2,5,17,1,1997,11,19,1
424,2,5,17,1,1997,11,19,1
425,1,5,48,1,1997,11,19,1
426,2,5,18,1,1997,11,20,1
427,2,5,48,1,1997,11,21,1
429,1,5,48,1,1997,12,09,1
430,2,5,51,1,1997,12,09,1
431,1,5,51,1,1997,12,11,1
432,1,5,17,1,1998,01,21,1
433,5,5,4,1,1998,01,21,1
434,1,5,18,1,1998,01,29,1
435,1,3,37,1,1998,01,30,1
436,1,5,48,2,1998,02,03,1
437,1,5,48,1,1998,02,09,1
438,2,5,51,1,1998,02,10,1
439,1,5,40,1,1998,02,20,1
440,1,5,30,1,1998,02,24,1
441,2,5,29,1,1998,02,25,1
442,1,5,45,1,1998,03,06,1
443,1,5,48,1,1998,03,11,1
444,1,5,51,1,1998,03,18,1
445,1,2,12,1,1998,03,23,1
446,2,2,12,1,1998,03,24,1
447,2,5,29,1,1998,03,25,1
448,2,5,51,1,1998,03,25,1
449,1,2,12,2,1998,03,30,1
450,3,2,12,1,1998,03,31,1
451,5,5,51,1,1998,04,14,1
452,1,5,29,1,1998,04,22,1
453,5,5,4,1,1998,04,22,1
454,1,5,48,1,1998,04,22,1
455,1,5,48,1,1998,04,24,1
456,1,5,4,1,1998,04,29,1
457,1,5,48,1,1998,04,29,1
458,1,2,1,1,1998,05,08,1
459,2,5,48,1,1998,05,18,1
460,5,5,48,1,1998,05,19,1
461,1,5,4,1,1998,06,03,1
462,1,2,13,1,1998,06,09,1
463,1,5,48,1,1998,06,11,1
464,1,5,48,1,1998,06,15,1
465,1,5,51,1,1998,06,18,1
466,5,5,48,1,1998,06,26,1
467,1,5,5,1,1998,07,08,1
468,1,5,45,1,1998,07,10,1
469,1,5,6,1,1998,07,14,1
470,1,5,51,1,1998,07,23,1
471,1,5,40,1,1998,08,05,1
472,1,5,37,1,1998,08,14,1
473,2,5,51,1,1998,08,20,1
474,5,5,48,1,1998,08,26,1
475,2,5,51,1,1998,08,31,1
476,1,5,48,1,1998,09,09,1
477,5,5,48,1,1998,09,23,1
478,1,2,51,1,1998,09,23,1
479,1,5,45,1,1998,09,25,1
480,5,5,48,1,1998,10,01,1
481,5,5,32,1,1998,10,05,1
482,1,5,48,1,1998,10,07,1
483,1,5,53,1,1998,10,13,1
484,2,5,51,1,1998,10,14,1
485,2,5,51,1,1998,10,21,1
486,2,5,24,1,1998,11,16,1
487,1,5,48,1,1998,11,17,1
488,2,5,51,1,1998,11,17,1
489,1,5,37,1,1998,11,20,1
490,2,5,51,1,1998,12,03,1
491,2,5,45,1,1998,12,04,1
492,2,5,45,1,1998,12,04,1
493,1,5,48,1,1998,12,07,1
494,1,5,48,1,1998,12,08,1
495,4,5,40,1,1998,12,10,1
496,2,5,45,1,1998,12,11,1
497,2,5,48,1,1998,12,15,1
498,1,5,40,1,1998,12,17,1
499,2,5,45,1,1998,12,18,1
500,1,5,48,1,1999,01,05,1
501,3,5,40,1,1999,01,07,1
502,2,5,45,1,1999,01,08,1
503,2,5,22,1,1999,01,08,1
504,2,5,29,1,1999,01,13,1
505,1,5,4,1,1999,01,13,1
506,1,5,48,1,1999,01,13,1
507,2,5,51,1,1999,01,20,1
508,1,5,45,1,1999,01,22,1
509,5,5,48,1,1999,01,26,1
510,3,5,4,1,1999,02,03,1
511,1,5,40,1,1999,02,04,1
512,1,5,51,1,1999,02,04,1
513,4,5,6,1,1999,02,09,1
514,5,5,48,1,1999,02,10,1
515,1,5,48,1,1999,02,11,1
516,5,5,48,1,1999,02,16,1
517,1,5,5,1,1999,02,16,1
518,1,5,39,1,1999,02,19,1
519,1,5,29,1,1999,02,24,1
520,2,5,48,1,1999,02,24,1
521,1,5,4,1,1999,02,24,1
522,1,3,4,1,1999,03,03,1
523,1,5,51,1,1999,03,09,1
524,1,5,29,1,1999,03,10,1
525,1,5,17,1,1999,03,17,1
526,1,5,51,1,1999,03,25,1
527,2,5,48,1,1999,03,26,1
528,1,5,37,1,1999,03,26,1
529,1,5,48,1,1999,03,30,1
530,4,5,32,1,1999,04,05,1
531,1,5,5,1,1999,04,12,1
532,2,5,51,1,1999,04,13,1
533,2,5,29,1,1999,04,14,1
534,1,5,51,1,1999,04,20,1
535,1,5,10,1,1999,04,23,1
536,2,5,29,1,1999,04,28,1
537,1,5,48,1,1999,04,28,1
538,1,5,51,1,1999,04,28,1
539,1,5,51,1,1999,04,29,1
540,2,5,6,1,1999,05,04,1
541,5,5,48,1,1999,05,04,1
542,1,5,4,1,1999,05,05,1
543,2,5,48,1,1999,05,05,1
544,1,5,21,1,1999,05,25,1
545,2,5,29,1,1999,05,26,1
546,1,5,48,1,1999,06,01,1
547,1,5,40,1,1999,06,03,1
548,2,5,29,1,1999,06,16,1
549,1,5,4,1,1999,06,16,1
550,1,5,48,1,1999,06,17,1
551,2,2,1,1,1999,06,18,1
552,1,5,29,1,1999,06,30,1
553,1,5,48,1,1999,07,01,1
554,1,5,42,1,1999,07,06,1
555,2,5,48,1,1999,07,07,1
556,1,5,40,1,1999,07,08,1
557,1,2,12,1,1999,07,08,1
558,1,5,51,1,1999,07,21,1
559,1,5,48,1,1999,08,04,1
560,2,5,48,1,1999,08,05,1
561,2,2,1,1,1999,08,06,1
562,2,5,48,1,1999,08,10,1
563,1,5,48,1,1999,08,11,1
564,2,5,51,1,1999,08,17,1
565,5,5,48,1,1999,08,18,1
566,1,5,29,1,1999,09,01,1
567,2,5,48,1,1999,09,01,1
568,1,5,5,1,1999,09,08,1
569,1,5,5,1,1999,09,08,1
570,2,5,48,1,1999,09,10,1
571,2,5,48,1,1999,09,14,1
572,1,5,51,1,1999,09,16,1
573,1,5,48,1,1999,09,21,1
574,2,5,10,1,1999,09,24,1
575,2,5,37,1,1999,09,24,1
576,1,5,48,1,1999,10,12,1
577,1,5,48,1,1999,10,14,1
578,1,5,49,1,1999,10,15,1
579,2,5,51,1,1999,10,19,1
580,1,5,37,1,1999,10,21,1
581,5,5,4,1,1999,10,27,1
582,3,5,48,1,1999,10,28,1
583,2,5,51,1,1999,11,09,1
584,2,5,45,1,1999,11,12,1
585,2,5,48,1,1999,11,16,1
586,1,5,48,1,1999,11,17,1
587,5,5,48,1,1999,11,18,1
588,2,5,37,1,1999,11,19,1
589,2,5,40,1,1999,12,02,1
590,1,5,45,1,1999,12,03,1
591,1,5,48,1,1999,12,08,1
592,2,5,40,1,1999,12,09,1
593,1,5,18,1,1999,12,09,1
594,1,5,48,1,1999,12,09,1
595,2,5,51,1,1999,12,09,1
596,1,5,48,1,1999,12,14,1
597,2,5,48,1,1999,12,15,1
598,2,5,40,1,2000,01,06,1
599,1,2,1,1,2000,01,07,1
600,1,5,51,1,2000,01,10,1
601,1,5,48,1,2000,01,12,1
602,1,5,40,1,2000,01,13,1
603,1,5,51,1,2000,01,13,1
604,1,5,48,1,2000,01,18,1
605,2,5,48,1,2000,01,20,1
606,1,5,48,1,2000,01,21,1
607,1,5,48,1,2000,01,24,1
608,2,5,48,1,2000,01,25,1
609,1,5,48,1,2000,01,27,1
610,2,5,40,1,2000,02,10,1
611,1,5,4,1,2000,02,16,1
612,1,5,12,1,2000,02,23,1
613,2,5,48,1,2000,02,23,1
614,1,5,12,1,2000,02,24,1
615,1,5,48,2,2000,02,24,1
616,2,5,48,1,2000,03,01,1
617,2,2,1,1,2000,03,03,1
618,2,5,48,1,2000,03,14,1
619,3,5,6,1,2000,03,15,1
620,1,5,4,1,2000,03,15,1
621,1,5,48,1,2000,03,15,1
622,2,5,51,1,2000,03,16,1
623,1,5,29,1,2000,03,22,1
624,2,5,40,1,2000,03,23,1
625,2,2,1,1,2000,04,14,1
626,1,5,47,1,2000,04,19,1
627,2,5,40,1,2000,04,27,1
628,1,5,5,2,2000,05,02,1
629,2,5,48,1,2000,05,04,1
630,1,5,48,1,2000,05,09,1
631,1,5,48,1,2000,05,11,1
632,2,5,48,1,2000,05,23,1
633,1,5,48,1,2000,05,24,1
634,2,5,40,1,2000,05,25,1
635,2,5,48,1,2000,05,25,1
637,3,5,40,1,2000,06,01,1
638,2,2,1,1,2000,06,02,1
639,2,5,22,1,2000,06,06,1
640,2,5,12,1,2000,06,07,1
641,1,5,40,1,2000,06,08,1
642,1,5,48,1,2000,06,12,1
643,2,5,48,1,2000,06,14,1
644,2,5,40,1,2000,06,15,1
645,5,5,48,1,2000,06,15,1
646,1,5,12,1,2000,06,21,1
647,2,5,48,1,2000,06,22,1
648,1,5,29,1,2000,06,28,1
649,5,5,48,1,2000,06,29,1
650,1,2,51,1,2000,07,06,1
651,1,5,48,1,2000,07,12,1
652,1,5,40,1,2000,07,20,1
653,5,5,48,1,2000,07,26,1
654,2,5,48,1,2000,08,09,1
655,5,5,48,1,2000,08,09,1
656,1,5,40,1,2000,08,10,1
657,2,5,48,1,2000,08,16,1
658,1,5,48,1,2000,08,22,1
659,1,5,48,1,2000,08,23,1
660,1,5,12,1,2000,08,25,1
661,1,5,29,1,2000,08,30,1
662,2,5,48,1,2000,08,30,1
663,1,5,51,1,2000,08,30,1
664,2,5,29,1,2000,09,13,1
665,1,5,51,1,2000,09,14,1
666,1,5,48,1,2000,09,27,1
667,2,5,51,1,2000,10,10,1
668,1,5,48,1,2000,11,01,1
669,2,5,45,1,2000,11,03,1
670,1,5,4,1,2000,11,08,1
671,2,5,37,1,2000,11,09,1
672,5,5,48,1,2000,11,09,1
673,2,5,48,1,2000,11,14,1
674,1,5,29,1,2000,11,15,1
675,2,5,48,1,2000,11,15,1
676,2,5,10,1,2000,11,17,1
677,1,5,48,1,2000,12,05,1
678,1,5,48,1,2000,12,06,1
679,2,5,51,1,2000,12,06,1
680,5,5,12,1,2000,12,07,1
681,1,5,48,1,2000,12,07,1
682,2,5,5,1,2000,12,19,1
683,1,5,48,1,2001,01,09,1
684,2,5,40,1,2001,01,09,1
685,1,5,12,1,2001,01,11,1
686,2,5,40,2,2001,01,11,1
687,1,5,40,1,2001,01,16,1
688,1,5,48,1,2001,01,18,1
689,3,5,40,1,2001,01,18,1
690,1,5,40,1,2001,01,23,1
691,1,5,40,1,2001,01,25,1
692,2,5,48,1,2001,01,29,1
693,1,5,40,1,2001,01,30,1
694,1,5,40,1,2001,02,01,1
695,1,5,29,1,2001,02,07,1
696,5,5,48,1,2001,02,08,1
697,1,5,51,1,2001,03,01,1
698,1,5,40,1,2001,03,01,1
699,1,5,48,1,2001,03,07,1
700,2,5,37,1,2001,03,09,1
701,1,5,18,1,2001,03,14,1
702,1,5,6,1,2001,03,27,1
703,1,5,40,1,2001,03,27,1
704,1,5,29,1,2001,03,28,1
705,1,5,48,1,2001,04,03,1
706,1,5,32,1,2001,04,21,1
707,2,5,29,1,2001,04,25,1
708,2,5,48,1,2001,04,25,1
709,1,5,10,1,2001,04,26,1
710,1,5,40,2,2001,05,01,1
711,1,5,5,1,2001,05,08,1
712,3,5,40,1,2001,05,22,1
713,2,5,29,1,2001,05,23,1
714,2,5,10,1,2001,05,25,1
715,2,5,40,1,2001,05,29,1
716,1,5,Federal,1,2001,06,11,1
717,1,5,48,1,2001,06,13,1
718,2,5,39,1,2001,06,14,1
719,5,5,Federal,1,2001,06,19,1
720,2,5,48,1,2001,06,26,1
721,1,5,18,1,2001,06,27,1
722,2,5,29,1,2001,07,11,1
723,1,5,48,1,2001,07,11,1
724,3,5,40,1,2001,07,17,1
725,1,5,48,1,2001,08,08,1
726,1,5,48,1,2001,08,16,1
727,1,5,37,1,2001,08,24,1
728,1,5,53,1,2001,08,28,1
729,1,5,40,1,2001,08,28,1
730,1,5,37,1,2001,08,31,1
731,1,5,48,1,2001,09,18,1
733,2,5,37,1,2001,10,12,1
734,1,5,51,1,2001,10,18,1
735,1,5,40,1,2001,10,18,1
736,2,5,48,1,2001,10,22,1
737,1,5,29,1,2001,10,24,1
738,1,5,13,1,2001,10,25,1
739,2,5,13,1,2001,11,06,1
740,1,5,35,1,2001,11,06,1
741,1,5,48,1,2001,11,14,1
742,1,5,13,1,2001,11,15,1
743,2,5,48,1,2001,11,15,1
744,1,5,37,1,2001,11,30,1
745,1,5,40,2,2001,12,04,1
746,6,5,40,1,2001,12,06,1
747,1,5,13,1,2001,12,11,1
748,2,5,48,1,2001,12,12,1
749,1,5,29,1,2002,01,09,1
750,1,5,48,1,2002,01,09,1
751,2,5,48,1,2002,01,16,1
752,1,5,13,1,2002,01,24,1
753,1,5,6,1,2002,01,29,1
754,1,5,40,1,2002,01,29,1
755,2,5,48,1,2002,01,30,1
756,1,5,48,1,2002,01,31,1
757,1,5,40,1,2002,01,31,1
758,2,5,29,1,2002,02,06,1
759,1,5,39,1,2002,02,19,1
760,1,5,48,1,2002,02,28,1
761,1,5,29,1,2002,03,06,1
762,2,5,48,1,2002,03,07,1
763,1,5,13,1,2002,03,12,1
764,1,5,51,1,2002,03,14,1
765,1,5,51,1,2002,04,02,1
766,1,5,29,1,2002,04,10,1
767,5,5,48,1,2002,04,10,1
768,2,5,48,1,2002,04,11,1
769,1,5,48,1,2002,04,18,1
770,2,5,39,1,2002,04,26,1
771,5,5,48,1,2002,04,30,1
772,1,5,45,1,2002,05,03,1
773,2,5,48,1,2002,05,09,1
774,1,2,1,2,2002,05,10,1
775,1,5,22,1,2002,05,10,1
776,1,5,48,1,2002,05,16,1
777,5,5,48,1,2002,05,22,1
778,2,5,48,1,2002,05,28,1
779,1,5,48,1,2002,05,30,1
780,2,5,51,1,2002,06,12,1
781,1,5,48,1,2002,06,13,1
782,1,5,48,1,2002,06,25,1
783,2,5,48,1,2002,06,26,1
784,1,5,28,1,2002,07,17,1
785,1,5,40,1,2002,07,23,1
786,1,5,40,1,2002,07,30,1
787,1,5,48,1,2002,08,07,1
788,2,5,48,1,2002,08,08,1
789,5,5,48,1,2002,08,14,1
790,1,5,29,1,2002,08,14,1
791,1,5,13,1,2002,08,16,1
792,1,5,48,1,2002,08,20,1
793,2,5,45,1,2002,08,23,1
794,2,5,48,1,2002,08,28,1
795,2,5,48,1,2002,09,10,1
796,1,5,45,1,2002,09,13,1
797,1,5,48,1,2002,09,17,1
798,1,5,48,1,2002,09,18,1
799,1,5,48,1,2002,09,24,1
800,1,5,39,1,2002,09,25,1
801,2,5,48,1,2002,09,25,1
802,1,5,48,1,2002,10,01,1
803,5,5,12,1,2002,10,02,1
804,1,5,12,2,2002,10,09,1
805,1,5,13,1,2002,11,13,1
806,6,5,51,1,2002,11,14,1
807,1,5,48,1,2002,11,19,1
808,1,5,29,1,2002,11,20,1
809,1,5,48,1,2002,11,20,1
810,5,5,48,1,2002,12,04,1
811,1,5,37,1,2002,12,06,1
812,2,5,12,1,2002,12,09,1
813,2,5,37,1,2002,12,10,1
814,1,5,40,1,2002,12,10,1
815,1,5,48,1,2002,12,11,1
816,1,5,28,1,2002,12,11,1
817,1,5,1,1,2002,12,12,1
818,1,5,40,1,2002,12,12,1
819,2,5,40,1,2002,12,17,1
820,1,5,48,1,2003,01,14,1
821,5,5,48,1,2003,01,15,1
822,1,5,40,1,2003,01,16,1
823,1,5,48,1,2003,01,22,1
824,2,5,48,1,2003,01,28,1
825,1,5,48,1,2003,01,29,1
826,1,5,48,1,2003,01,30,1
827,5,5,48,1,2003,02,04,1
828,1,5,29,1,2003,02,05,1
829,2,5,48,1,2003,02,06,1
830,1,5,39,1,2003,02,12,1
831,2,5,40,1,2003,02,13,1
832,2,5,48,1,2003,02,25,1
833,2,5,12,1,2003,02,26,1
834,1,5,48,1,2003,03,11,1
835,1,5,1,1,2003,03,13,1
836,2,5,Federal,1,2003,03,18,1
837,2,5,40,1,2003,03,18,1
838,2,5,48,1,2003,03,20,1
839,2,5,40,1,2003,03,25,1
840,1,5,13,1,2003,03,25,1
841,1,5,48,1,2003,03,26,1
842,1,5,40,1,2003,04,03,1
843,1,5,40,1,2003,04,08,1
844,1,2,51,1,2003,04,09,1
845,2,5,40,1,2003,04,17,1
846,5,5,48,1,2003,04,22,1
847,1,5,1,1,2003,04,24,1
848,1,5,39,1,2003,04,29,1
849,1,5,18,1,2003,05,02,1
850,1,5,48,1,2003,05,06,1
851,1,5,13,1,2003,05,06,1
852,1,5,48,1,2003,05,15,1
853,1,5,12,1,2003,05,16,1
854,1,5,40,1,2003,05,27,1
855,2,5,40,1,2003,06,05,1
856,2,5,48,1,2003,06,11,1
857,1,5,18,1,2003,06,13,1
858,2,5,39,1,2003,06,18,1
859,1,5,40,1,2003,07,01,1
860,1,5,48,1,2003,07,02,1
861,1,5,40,1,2003,07,08,1
862,2,5,48,1,2003,07,09,1
863,2,5,5,1,2003,07,09,1
864,2,5,40,1,2003,07,22,1
865,1,5,51,1,2003,07,22,1
866,2,5,48,1,2003,07,23,1
867,1,5,40,1,2003,07,24,1
868,1,5,48,1,2003,07,24,1
869,1,5,40,1,2003,07,29,1
870,1,5,1,1,2003,08,07,1
872,1,5,12,1,2003,09,03,1
873,1,5,48,1,2003,09,10,1
874,3,5,37,1,2003,09,12,1
875,1,5,37,1,2003,09,26,1
876,1,5,37,1,2003,10,03,1
878,1,5,13,1,2003,11,04,1
879,1,5,37,1,2003,11,07,1
880,2,5,37,1,2003,11,14,1
881,1,5,48,1,2003,11,20,1
882,1,5,48,1,2003,12,03,1
883,1,5,48,1,2003,12,04,1
884,2,5,37,1,2003,12,05,1
885,2,5,48,1,2004,01,06,1
886,2,5,5,1,2004,01,06,1
887,1,5,37,1,2004,01,09,1
888,2,5,40,1,2004,01,13,1
889,2,5,39,1,2004,01,14,1
890,2,5,48,1,2004,01,14,1
891,1,5,48,1,2004,01,21,1
892,1,5,48,1,2004,01,28,1
893,1,5,39,1,2004,02,03,1
894,2,5,12,1,2004,02,04,1
895,2,5,48,1,2004,02,11,1
896,2,5,48,1,2004,02,12,1
897,1,5,40,1,2004,02,17,1
898,1,5,48,1,2004,02,17,1
899,2,5,48,1,2004,03,03,1
901,1,5,51,1,2004,03,18,1
902,1,5,45,1,2004,03,19,1
903,4,5,40,1,2004,03,23,1
904,1,5,32,1,2004,03,26,1
905,1,5,39,1,2004,03,30,1
906,1,5,51,1,2004,03,31,1
907,1,5,45,1,2004,04,16,1
908,1,5,45,1,2004,04,23,1
909,2,5,48,1,2004,05,18,1
910,1,5,12,1,2004,05,26,1
911,1,2,45,1,2004,05,28,1
912,1,5,39,1,2004,06,08,1
913,1,5,40,1,2004,06,08,1
914,1,5,24,1,2004,06,17,1
915,1,5,48,1,2004,06,30,1
916,1,5,13,1,2004,07,01,1
917,1,5,39,1,2004,07,14,1
918,1,5,13,1,2004,07,19,1
919,1,5,39,1,2004,07,20,1
920,1,5,51,1,2004,07,22,1
921,1,5,1,1,2004,08,05,1
922,1,5,32,1,2004,08,12,1
923,1,5,51,1,2004,08,18,1
924,1,5,48,1,2004,08,25,1
925,1,5,40,1,2004,08,26,1
926,2,5,48,1,2004,08,26,1
927,2,5,51,1,2004,09,09,1
928,5,5,48,1,2004,09,21,1
929,1,5,1,1,2004,09,30,1
930,2,5,48,1,2004,10,05,1
931,5,5,48,1,2004,10,06,1
932,2,5,37,1,2004,10,08,1
933,1,5,48,1,2004,10,12,1
934,2,5,39,1,2004,10,13,1
935,1,5,48,1,2004,10,20,1
936,1,5,37,1,2004,10,22,1
937,2,5,48,1,2004,10,26,1
938,2,5,48,1,2004,11,02,1
939,1,5,48,1,2004,11,04,1
940,2,5,48,1,2004,11,09,1
941,2,5,48,1,2004,11,10,1
942,1,5,37,1,2004,11,12,1
943,5,5,48,1,2004,11,17,1
944,1,5,48,1,2005,01,04,1
945,1,5,6,1,2005,01,19,1
946,1,5,48,1,2005,01,25,1
947,1,5,13,1,2005,01,25,1
948,1,5,48,1,2005,02,17,1
949,1,5,13,1,2005,03,01,1
950,2,5,39,1,2005,03,08,1
951,1,5,48,1,2005,03,08,1
952,1,5,18,1,2005,03,10,1
953,1,5,37,1,2005,03,11,1
954,1,5,40,1,2005,03,15,1
955,2,5,29,1,2005,03,16,1
956,1,5,12,1,2005,04,05,1
957,1,5,45,1,2005,04,15,1
958,1,5,48,1,2005,04,20,1
959,1,5,18,1,2005,04,21,1
960,2,5,29,1,2005,04,27,1
961,1,5,1,1,2005,04,28,1
962,1,5,48,1,2005,05,03,1
963,2,5,37,1,2005,05,06,1
964,2,5,40,1,2005,05,12,1
965,1,5,9,1,2005,05,13,1
966,2,5,29,1,2005,05,18,1
967,2,5,48,1,2005,05,18,1
968,1,5,48,1,2005,05,19,1
969,1,5,18,1,2005,05,25,1
970,1,5,1,1,2005,06,02,1
971,5,5,48,1,2005,06,07,1
972,1,5,13,1,2005,07,12,1
973,2,5,40,1,2005,07,19,1
974,1,5,18,1,2005,07,27,1
975,5,5,48,1,2005,07,28,1
976,1,5,1,1,2005,08,04,1
977,2,5,48,1,2005,08,10,1
978,2,5,40,1,2005,08,11,1
979,1,5,48,1,2005,08,23,1
980,1,5,29,1,2005,08,31,1
981,2,5,48,2,2005,09,14,1
982,1,5,1,1,2005,09,22,1
983,1,5,39,1,2005,09,27,1
984,1,5,18,1,2005,09,28,1
985,2,5,48,1,2005,10,06,1
986,5,5,48,1,2005,10,20,1
987,2,5,39,1,2005,10,25,1
988,2,5,29,1,2005,10,26,1
989,1,5,48,1,2005,11,03,1
990,1,5,10,1,2005,11,04,1
991,2,5,45,1,2005,11,04,1
992,1,5,48,1,2005,11,09,1
993,1,5,37,1,2005,11,11,1
994,1,5,48,1,2005,11,15,1
995,2,5,48,1,2005,11,16,1
996,6,5,37,1,2005,11,18,1
997,1,5,5,1,2005,11,28,1
998,2,5,39,1,2005,11,29,1
999,1,5,37,1,2005,12,02,1
1000,1,5,45,1,2005,12,02,1
1001,2,5,24,1,2005,12,05,1
1002,2,5,6,1,2005,12,13,1
1003,1,5,28,1,2005,12,14,1
1004,3,5,6,1,2006,01,17,1
1005,2,5,37,1,2006,01,20,1
1006,2,5,48,1,2006,01,25,1
1007,1,5,18,1,2006,01,27,1
1008,5,5,48,1,2006,01,31,1
1009,1,5,39,1,2006,02,07,1
1010,1,5,48,1,2006,02,08,1
1011,2,5,48,1,2006,02,15,1
1012,2,5,48,1,2006,03,15,1
1013,1,5,37,1,2006,03,17,1
1014,5,5,48,1,2006,03,22,1
1015,2,5,48,1,2006,03,29,1
1016,1,5,40,1,2006,04,18,1
1017,2,5,37,1,2006,04,21,1
1018,2,5,32,1,2006,04,26,1
1019,2,5,51,1,2006,04,27,1
1020,2,5,39,1,2006,05,02,1
1021,5,5,48,1,2006,05,04,1
1022,2,5,48,1,2006,05,17,1
1023,5,5,48,1,2006,05,24,1
1024,1,5,40,1,2006,06,01,1
1025,1,5,48,1,2006,06,06,1
1026,2,5,48,1,2006,06,20,1
1027,5,5,48,1,2006,06,27,1
1028,1,5,47,1,2006,06,28,1
1029,2,5,48,1,2006,07,11,1
1030,1,5,39,1,2006,07,12,1
1031,1,5,45,1,2006,07,14,1
1032,2,5,48,1,2006,07,19,1
1033,1,5,48,1,2006,07,20,1
1034,1,2,51,1,2006,07,20,1
1035,1,5,51,1,2006,07,27,1
1036,2,5,48,1,2006,08,03,1
1037,1,5,39,1,2006,08,08,1
1039,5,5,48,1,2006,08,17,1
1040,1,5,37,1,2006,08,18,1
1041,2,5,48,1,2006,08,24,1
1042,2,5,40,1,2006,08,29,1
1043,1,5,40,1,2006,08,31,1
1044,2,5,48,1,2006,08,31,1
1045,2,5,48,1,2006,09,12,1
1046,2,5,12,1,2006,09,20,1
1047,1,5,12,1,2006,10,18,1
1048,1,5,28,1,2006,10,18,1
1049,1,5,39,1,2006,10,24,1
1050,1,5,12,1,2006,10,25,1
1051,1,5,48,1,2006,10,25,1
1052,1,5,1,1,2006,10,26,1
1053,2,5,48,1,2006,11,01,1
1054,2,5,48,1,2006,11,08,1
1055,1,5,51,1,2006,11,09,1
1056,5,5,12,1,2006,12,13,1
1057,2,5,40,1,2007,01,09,1
1058,5,5,48,1,2007,01,10,1
1059,1,5,48,1,2007,01,17,1
1060,1,5,48,1,2007,01,30,1
1061,2,5,48,1,2007,02,07,1
1062,1,5,48,1,2007,02,22,1
1064,5,5,48,1,2007,03,06,1
1065,2,5,48,1,2007,03,07,1
1066,2,5,48,1,2007,03,20,1
1067,5,5,48,1,2007,03,28,1
1068,1,5,48,1,2007,03,29,1
1070,1,5,39,1,2007,04,24,1
1071,1,5,48,1,2007,04,26,1
1072,2,5,1,1,2007,05,03,1
1073,1,5,18,1,2007,05,04,1
1074,1,5,47,1,2007,05,09,1
1075,1,5,48,1,2007,05,16,1
1076,1,5,4,1,2007,05,22,1
1077,1,5,39,1,2007,05,24,1
1078,1,5,48,1,2007,06,06,1
1079,1,5,18,1,2007,06,15,1
1080,5,5,48,1,2007,06,20,1
1081,5,5,48,1,2007,06,21,1
1082,2,5,45,1,2007,06,22,1
1083,1,5,40,1,2007,06,26,1
1084,1,5,48,1,2007,06,26,1
1085,2,5,13,1,2007,06,26,1
1086,1,5,46,1,2007,07,11,1
1087,2,5,48,1,2007,07,24,1
1088,2,5,1,1,2007,07,26,1
1089,2,5,48,1,2007,08,15,1
1090,1,5,40,1,2007,08,21,1
1091,2,5,48,1,2007,08,22,1
1092,2,5,1,1,2007,08,23,1
1093,2,5,48,1,2007,08,28,1
1094,5,5,48,1,2007,08,29,1
1095,1,5,48,1,2007,09,05,1
1096,1,2,47,1,2007,09,12,1
1097,1,5,48,1,2007,09,20,1
1098,2,5,48,1,2007,09,25,1
1099,1,5,13,1,2008,05,06,1
1100,1,5,28,1,2008,05,21,1
1101,2,5,51,1,2008,05,27,1
1102,2,5,13,1,2008,06,04,1
1104,1,5,48,1,2008,06,11,1
1105,1,5,40,1,2008,06,17,1
1106,2,2,45,1,2008,06,20,1
1107,2,5,51,1,2008,06,25,1
1108,1,5,12,1,2008,07,01,1
1109,2,5,48,1,2008,07,10,1
1110,2,5,51,1,2008,07,10,1
1111,1,5,28,1,2008,07,23,1
1112,2,5,48,1,2008,07,23,1
1113,1,5,51,1,2008,07,24,1
1114,2,5,48,1,2008,07,31,1
1115,5,5,48,1,2008,08,05,1
1116,5,5,48,1,2008,08,07,1
1117,2,5,48,1,2008,08,12,1
1118,5,5,48,1,2008,08,14,1
1119,1,5,13,1,2008,09,16,1
1120,1,5,48,1,2008,09,17,1
1121,2,5,12,1,2008,09,23,1
1122,1,5,40,1,2008,09,25,1
1123,1,5,39,1,2008,10,14,1
1124,1,5,48,1,2008,10,14,1
1125,2,5,48,1,2008,10,16,1
1126,1,5,48,1,2008,10,21,1
1127,1,5,48,1,2008,10,28,1
1128,1,5,48,1,2008,10,30,1
1129,2,5,48,1,2008,11,06,1
1130,2,5,48,1,2008,11,12,1
1131,2,5,48,1,2008,11,13,1
1132,2,5,39,1,2008,11,19,1
1133,2,5,48,1,2008,11,20,1
1134,1,5,21,1,2008,11,21,1
1135,2,5,45,1,2008,12,05,1
1136,2,5,48,1,2009,01,14,1
1137,1,5,1,1,2009,01,15,1
1138,2,5,48,1,2009,01,21,1
1139,2,5,40,1,2009,01,22,1
1140,2,5,48,1,2009,01,22,1
1141,5,5,48,1,2009,01,28,1
1142,5,5,48,1,2009,01,29,1
1143,1,5,47,1,2009,02,04,1
1145,2,5,48,1,2009,02,10,1
1146,1,5,12,1,2009,02,11,1
1147,1,5,1,1,2009,02,12,1
1148,2,5,48,1,2009,02,12,1
1149,2,5,51,1,2009,02,19,1
1150,1,5,45,1,2009,02,20,1
1151,2,5,48,1,2009,03,03,1
1152,2,5,48,1,2009,03,04,1
1153,5,5,48,1,2009,03,10,1
1154,1,5,13,1,2009,03,10,1
1155,5,5,48,1,2009,03,11,1
1156,5,5,48,1,2009,04,15,1
1157,2,5,1,1,2009,04,16,1
1158,1,5,13,1,2009,04,29,1
1159,2,5,48,1,2009,04,30,1
1160,2,5,45,1,2009,05,08,1
1161,2,5,1,1,2009,05,14,1
1162,1,5,40,1,2009,05,14,1
1163,2,5,48,1,2009,05,19,1
1164,1,5,29,1,2009,05,20,1
1165,1,5,48,1,2009,06,02,1
1166,1,5,39,1,2009,06,03,1
1167,1,5,1,1,2009,06,11,1
1168,1,5,40,1,2009,07,09,1
1169,1,5,39,1,2009,07,14,1
1170,2,5,39,1,2009,07,21,1
1171,1,5,39,1,2009,08,18,1
1172,1,5,12,1,2009,08,19,1
1173,1,5,48,1,2009,09,16,1
1174,2,5,48,1,2009,09,22,1
1175,1,5,1,1,2009,10,08,1
1176,1,5,13,1,2009,10,20,1
1177,2,5,48,1,2009,10,27,1
1178,2,5,48,1,2009,11,05,1
1179,5,5,48,1,2009,11,10,1
1180,2,5,51,1,2009,11,10,1
1181,1,2,51,1,2009,11,17,1
1182,2,5,48,1,2009,11,18,1
1183,2,5,48,1,2009,11,19,1
1184,2,5,47,1,2009,12,02,1
1185,1,5,48,1,2009,12,03,1
1186,1,5,39,1,2009,12,08,1
1187,1,5,18,1,2009,12,11,1
1188,2,5,39,1,2010,01,07,1
1189,2,5,48,1,2010,01,07,1
1190,1,5,22,1,2010,01,07,1
1191,1,5,48,1,2010,01,12,1
1192,2,5,40,1,2010,01,14,1
1193,2,5,39,1,2010,02,04,1
1194,1,5,12,1,2010,02,16,1
1195,5,5,48,1,2010,03,02,1
1196,1,5,48,1,2010,03,11,1
1197,1,5,39,1,2010,03,16,1
1198,1,2,51,1,2010,03,18,1
1199,2,5,48,1,2010,03,30,1
1200,2,5,39,1,2010,04,20,1
1201,1,5,48,1,2010,04,22,1
1202,5,5,48,1,2010,04,27,1
1203,1,5,48,1,2010,05,12,1
1204,1,5,39,1,2010,05,13,1
1205,1,5,48,1,2010,05,13,1
1206,5,5,48,1,2010,05,19,1
1207,1,5,28,1,2010,05,19,1
1208,1,5,28,1,2010,05,20,1
1209,2,5,51,1,2010,05,20,1
1210,5,5,48,1,2010,05,25,1
1211,1,5,1,1,2010,05,27,1
1212,2,5,48,1,2010,06,02,1
1213,1,5,13,1,2010,06,09,1
1214,1,5,1,1,2010,06,10,1
1215,1,5,48,1,2010,06,15,1
1216,1,4,49,1,2010,06,18,1
1217,1,5,48,1,2010,07,01,1
1218,2,5,39,1,2010,07,13,1
1219,2,5,48,1,2010,07,20,1
1220,1,5,28,1,2010,07,21,1
1221,2,5,39,1,2010,08,10,1
1222,1,5,1,1,2010,08,12,1
1223,5,5,48,1,2010,08,17,1
1224,2,5,1,1,2010,09,09,1
1225,1,5,53,1,2010,09,10,1
1226,1,5,51,2,2010,09,23,1
1227,1,5,13,1,2010,09,27,1
1228,1,5,39,1,2010,10,06,1
1229,1,5,40,1,2010,10,14,1
1230,2,5,48,1,2010,10,21,1
1231,3,5,4,1,2010,10,26,1
1232,1,5,1,1,2010,11,04,1
1233,1,5,40,1,2010,12,16,1
1234,2,5,40,1,2011,01,06,1
1235,1,5,40,1,2011,01,11,1
1236,2,5,1,1,2011,01,13,1
1237,2,5,13,1,2011,01,25,1
1238,1,5,29,1,2011,02,09,1
1239,1,5,48,1,2011,02,15,1
1240,1,5,39,1,2011,02,17,1
1241,2,5,48,1,2011,02,22,1
1242,2,5,39,1,2011,03,10,1
1243,2,5,4,1,2011,03,29,1
1244,1,5,1,1,2011,03,31,1
1245,2,5,39,1,2011,04,12,1
1246,1,5,48,1,2011,05,03,1
1247,1,5,45,1,2011,05,06,1
1248,1,5,28,1,2011,05,10,1
1249,1,5,39,1,2011,05,17,1
1250,2,5,28,1,2011,05,17,1
1251,1,5,1,1,2011,05,19,1
1252,1,5,4,1,2011,05,25,1
1253,2,5,48,1,2011,06,01,1
1254,1,5,48,1,2011,06,16,1
1255,2,5,1,1,2011,06,16,1
1256,2,5,48,1,2011,06,21,1
1257,1,5,13,1,2011,06,23,1
1258,1,5,4,1,2011,06,30,1
1259,5,5,48,1,2011,07,07,1
1260,1,5,4,1,2011,07,19,1
1261,1,5,48,1,2011,07,20,1
1262,1,5,13,1,2011,07,21,1
1263,1,5,10,1,2011,07,29,1
1264,5,5,48,1,2011,08,10,1
1265,2,5,51,1,2011,08,18,1
1266,1,5,48,1,2011,09,13,1
1267,1,5,48,1,2011,09,21,1
1268,2,5,13,1,2011,09,21,1
1269,2,5,1,1,2011,09,22,1
1270,5,5,12,1,2011,09,28,1
1271,1,5,1,1,2011,10,20,1
1272,5,5,48,1,2011,10,27,1
1273,2,5,39,1,2011,11,15,1
1274,1,5,12,1,2011,11,15,1
1275,5,5,48,1,2011,11,16,1
1276,1,5,16,1,2011,11,18,1
1277,1,5,40,1,2012,01,05,1
1278,5,5,48,1,2012,01,26,1
1279,1,5,28,1,2012,02,08,1
1280,1,5,12,1,2012,02,15,1
1281,1,5,4,1,2012,02,29,1
1282,5,5,48,1,2012,02,29,1
1283,1,5,48,1,2012,03,07,1
1284,1,5,4,1,2012,03,08,1
1285,1,5,40,1,2012,03,15,1
1286,1,5,28,1,2012,03,20,1
1287,2,5,28,1,2012,03,22,1
1288,5,5,48,1,2012,03,28,1
1289,1,5,12,1,2012,04,12,1
1290,1,5,39,1,2012,04,18,1
1291,2,5,10,1,2012,04,20,1
1292,1,5,4,1,2012,04,25,1
1293,2,5,48,1,2012,04,26,1
1294,1,5,40,1,2012,05,01,1
1295,2,5,28,1,2012,06,05,1
1296,1,5,16,1,2012,06,12,1
1297,1,5,28,1,2012,06,12,1
1298,1,5,28,1,2012,06,20,1
1299,5,5,4,1,2012,06,27,1
1300,2,5,48,1,2012,07,18,1
1301,2,5,48,1,2012,08,07,1
1302,1,5,4,1,2012,08,08,1
1303,1,5,40,1,2012,08,14,1
1304,1,5,39,1,2012,09,20,1
1306,1,5,48,1,2012,09,25,1
1307,2,5,48,1,2012,10,10,1
1308,1,5,46,1,2012,10,15,1
1309,1,5,48,1,2012,10,24,1
1310,1,5,46,1,2012,10,30,1
1311,1,5,48,1,2012,10,31,1
1312,2,5,40,1,2012,11,06,1
1313,2,5,48,1,2012,11,08,1
1314,1,5,39,1,2012,11,13,1
1316,2,5,48,1,2012,11,15,1
1317,5,5,40,1,2012,12,04,1
1318,1,5,4,1,2012,12,05,1
1319,5,5,12,1,2012,12,11,1
1320,1,2,51,1,2013,01,16,1
1321,2,5,48,1,2013,02,21,1
1322,1,5,13,1,2013,02,21,1
1323,1,5,39,1,2013,03,06,1
1324,1,5,40,1,2013,03,12,1
1325,2,5,48,1,2013,04,09,1
1326,1,5,12,1,2013,04,10,1
1327,2,5,48,1,2013,04,16,1
1328,1,5,48,1,2013,04,25,1
1329,1,5,39,1,2013,05,01,1
1330,2,5,48,1,2013,05,07,1
1332,1,5,12,1,2013,05,29,1
1333,2,5,48,1,2013,06,12,1
1334,1,5,12,1,2013,06,12,1
1335,1,5,40,1,2013,06,18,1
1336,2,5,40,1,2013,06,25,1
1337,2,5,48,2,2013,06,26,1
1338,5,5,48,1,2013,07,16,1
1339,2,5,48,1,2013,07,18,1
1340,1,5,1,1,2013,07,25,1
1341,1,5,48,1,2013,07,31,1
1342,2,5,12,1,2013,08,05,1
1343,2,5,40,1,2013,09,10,1
1344,5,5,48,1,2013,09,19,1
1345,1,5,39,1,2013,09,25,1
1346,5,5,48,1,2013,09,26,1
1347,1,5,12,1,2013,10,01,1
1348,1,5,4,1,2013,10,09,1
1349,1,5,48,1,2013,10,09,1
1350,1,5,12,1,2013,10,15,1
1351,1,5,4,1,2013,10,23,1
1352,2,5,12,1,2013,11,12,1
1353,1,5,48,1,2013,11,12,1
1354,1,5,29,1,2013,11,20,1
1355,1,5,48,1,2013,12,03,1
1356,2,5,40,1,2013,12,10,1
1357,1,5,29,1,2013,12,11,1
1358,1,5,40,1,2013,12,17,1
1359,2,5,12,1,2014,01,07,1
1360,2,5,40,1,2014,01,09,1
1361,1,5,39,1,2014,01,16,1
1362,5,5,48,1,2014,01,22,1
1363,1,5,40,1,2014,01,23,1
1364,2,5,29,1,2014,01,29,1
1365,1,5,48,2,2014,02,05,1
1367,2,5,29,1,2014,02,26,1
1368,2,5,12,1,2014,02,26,1
1369,2,5,48,1,2014,03,19,1
1371,1,5,29,1,2014,03,26,1
1372,2,5,48,1,2014,03,27,1
1373,1,5,48,1,2014,04,03,1
1374,5,5,48,1,2014,04,09,1
1375,5,5,48,1,2014,04,16,1
1376,1,5,29,1,2014,04,23,1
1377,1,5,12,1,2014,04,23,1
1378,2,5,40,1,2014,04,29,1
1379,2,5,13,1,2014,06,17,1
1380,2,5,29,1,2014,06,18,1
1381,2,5,12,1,2014,06,18,1
1382,1,5,12,1,2014,07,10,1
1383,1,5,29,1,2014,07,16,1
1384,1,5,4,1,2014,07,23,1
1385,1,5,29,1,2014,08,06,1
1386,2,5,29,1,2014,09,10,1
1387,2,5,48,1,2014,09,10,1
1388,2,5,48,2,2014,09,17,1
1389,5,5,48,1,2014,10,28,1
1390,2,5,12,1,2014,11,13,1
1391,2,5,29,1,2014,11,19,1
1392,2,5,13,1,2014,12,09,1
1393,1,5,29,1,2014,12,10,1
1394,1,5,13,1,2015,01,13,1
1395,1,5,12,1,2015,01,15,1
1396,2,5,40,1,2015,01,15,1
1397,5,5,48,1,2015,01,21,1
1398,2,5,13,1,2015,01,27,1
1399,2,5,48,1,2015,01,29,1
1400,1,5,48,1,2015,02,04,1
1401,1,5,29,1,2015,02,11,1
1402,5,5,48,1,2015,03,11,1
1403,1,5,29,1,2015,03,17,1
1404,1,5,48,1,2015,04,09,1
1405,2,5,29,1,2015,04,14,1
1406,5,5,48,1,2015,04,15,1
1407,2,5,48,1,2015,05,12,1
1408,1,5,48,1,2015,06,03,1
1409,2,5,29,1,2015,06,09,1
1410,2,5,48,1,2015,06,18,1
1411,1,5,29,1,2015,07,14,1
1412,5,5,48,1,2015,08,12,1
1413,2,5,29,1,2015,09,01,1
1414,1,5,13,2,2015,09,30,1
1415,5,5,51,1,2015,10,01,1
1416,5,5,48,1,2015,10,06,1
1417,5,5,48,1,2015,10,14,1
1418,1,5,12,1,2015,10,29,1
1419,2,5,48,1,2015,11,18,1
1420,1,5,13,1,2015,11,19,1
1421,2,5,13,1,2015,12,09,1
1422,1,5,12,1,2016,01,07,1
1423,1,5,48,1,2016,01,20,1
1424,1,5,1,1,2016,01,21,1
1425,1,5,48,1,2016,01,27,1
1426,2,5,13,1,2016,02,03,1
1427,5,5,48,1,2016,02,16,1
1428,1,5,13,1,2016,02,17,1
1429,1,5,48,1,2016,03,09,1
1430,1,5,48,1,2016,03,22,1
1431,1,5,13,1,2016,03,31,1
1432,5,5,48,1,2016,04,06,1
1433,2,5,13,1,2016,04,12,1
1434,1,5,13,1,2016,04,27,1
1435,1,5,29,1,2016,05,11,1
1436,1,5,13,1,2016,07,15,1
1437,1,5,48,1,2016,10,05,1
1438,1,5,13,1,2016,10,19,1
1439,1,5,13,1,2016,11,16,1
1440,1,5,13,1,2016,12,06,1
1441,1,5,1,1,2016,12,08,1
1442,1,5,48,1,2017,01,11,1
1443,2,5,51,1,2017,01,18,1
1444,2,5,48,1,2017,01,26,1
1445,1,5,29,1,2017,01,31,1
1446,5,5,48,1,2017,03,07,1
1447,1,5,48,1,2017,03,14,1
1448,2,5,5,1,2017,04,20,1
1449,1,5,5,1,2017,04,24,1
1450,2,5,5,1,2017,04,24,1
1451,2,5,5,1,2017,04,27,1
1452,1,5,13,1,2017,05,17,1
1453,1,5,1,1,2017,05,26,1
1454,2,5,1,1,2017,06,08,1
1455,1,5,51,1,2017,07,06,1
1456,1,5,39,1,2017,07,26,1
1457,2,5,48,1,2017,07,27,1
1458,1,5,12,1,2017,08,24,1
1459,1,5,39,1,2017,09,13,1
1460,1,5,12,1,2017,10,05,1
1461,1,5,48,1,2017,10,12,1
1462,2,5,1,1,2017,10,19,1
1463,1,5,12,1,2017,11,08,1
1464,5,5,48,1,2017,11,08,1
1465,1,5,48,1,2018,01,18,1
1466,2,5,48,1,2018,01,30,1
1467,1,5,48,1,2018,02,01,1
1468,1,5,12,1,2018,02,22,1
1469,1,5,1,1,2018,03,15,1
1470,2,5,13,1,2018,03,15,1
1471,5,5,48,1,2018,03,27,1
1472,1,5,1,1,2018,04,19,1
1473,2,5,48,1,2018,04,25,1
1474,2,5,13,1,2018,05,04,1
1475,5,5,48,1,2018,05,16,1
1476,1,5,48,1,2018,06,27,1
1477,2,5,48,1,2018,07,17,1
1478,1,5,39,1,2018,07,18,1
1479,1,5,47,1,2018,08,09,1
1480,1,5,31,1,2018,08,14,1
1481,1,5,48,1,2018,09,26,1
1482,1,5,48,1,2018,09,27,1
1483,1,5,46,1,2018,10,29,1
1484,1,2,47,1,2018,11,01,1
1485,5,5,48,1,2018,11,14,1
1486,5,5,48,1,2018,12,04,1
1487,1,2,47,1,2018,12,06,1
1488,2,5,48,1,2018,12,11,1
1489,5,5,12,1,2018,12,13,1
1490,2,5,48,1,2019,01,30,1
1491,2,5,1,1,2019,02,07,1
1492,1,5,48,1,2019,02,28,1
1493,1,5,48,1,2019,04,24,1
1494,2,5,13,1,2019,05,02,1
1495,1,5,1,1,2019,05,16,1
1496,1,5,47,1,2019,05,16,1
1497,1,5,12,1,2019,05,23,1
1498,1,5,1,1,2019,05,31,1
1499,2,5,13,1,2019,06,20,1
1500,1,2,47,1,2019,08,15,1
1501,1,5,48,1,2019,08,21,1
1502,1,5,12,1,2019,08,22,1
1503,1,5,48,1,2019,09,04,1
1504,5,5,48,1,2019,09,10,1
1505,2,5,48,1,2019,09,25,1
708,1,2,1,1,1983,4,22,10
710,1,2,1,1,1987,8,28,10
711,2,2,1,1,1989,5,26,1
712,2,2,1,1,1989,7,14,11
713,2,2,1,1,1989,8,18,1
714,2,2,1,1,1989,11,17,11
715,2,2,1,1,1990,7,13,24
1309,1,2,5,1,1990,6,18,1
1310,1,5,5,1,1990,6,25,1
2741,1,2,12,1,1979,5,25,1
2742,1,2,12,1,1983,11,30,10
2743,1,2,12,1,1984,1,26,6
2744,1,2,12,1,1984,4,5,1
2745,2,2,12,1,1984,5,10,10
2746,1,2,12,1,1984,6,20,10
2747,2,2,12,1,1984,7,13,10
2748,1,2,12,1,1984,9,7,1
2749,2,2,12,1,1984,9,20,10
2750,1,2,12,1,1984,11,8,10
2751,1,2,12,1,1985,1,30,1
2752,1,2,12,1,1985,3,6,1
2753,2,2,12,1,1985,5,29,1
2754,2,2,12,1,1986,4,15,1
2755,2,2,12,1,1986,4,22,10
2756,1,2,12,1,1986,5,20,10
2757,2,2,12,1,1987,8,28,10
2758,2,2,12,1,1988,3,15,1
2760,1,2,12,1,1989,1,24,24
2761,1,2,12,1,1989,5,4,1
2762,1,2,12,1,1990,5,4,1
2763,2,2,12,1,1990,7,27,11
2764,1,2,12,1,1990,9,21,10
2765,1,2,12,1,1990,11,19,24
2766,1,2,12,1,1991,4,24,1
3718,2,2,13,1,1984,7,12,10
3719,2,2,13,1,1985,1,9,11
3720,2,2,13,1,1985,2,20,10
3721,2,2,13,1,1985,3,20,10
3722,2,2,13,1,1984,12,12,1
3723,2,2,13,1,1986,6,23,10
3724,2,2,13,1,1987,5,15,1
3725,2,2,13,1,1987,5,22,10
3726,1,2,13,1,1987,5,29,10
3727,2,2,13,1,1987,9,1,10
3728,1,2,13,1,1987,9,21,11
3729,1,2,13,1,1988,7,28,1
3730,2,2,13,1,1989,5,18,1
4286,1,2,18,1,1981,3,9,11
4287,1,2,18,1,1985,10,16,1
5447,2,2,22,1,1984,2,29,1
5448,1,2,22,1,1984,4,5,19
5449,1,2,22,1,1984,9,10,10
5450,2,2,22,1,1984,10,30,10
5451,1,2,22,1,1984,12,28,11
5452,1,2,22,1,1985,1,4,1
5453,1,2,22,1,1987,6,7,1
5454,2,2,22,1,1987,6,9,11
5455,1,2,22,1,1987,6,12,10
5456,1,2,22,1,1987,6,16,10
5457,2,2,22,1,1987,7,20,11
5458,2,2,22,1,1987,7,24,19
5459,1,2,22,1,1987,7,30,11
5460,1,2,22,1,1987,8,24,11
5461,1,2,22,1,1988,3,15,1
5462,2,2,22,1,1988,4,13,1
5463,1,2,22,1,1988,6,14,1
5464,2,2,22,1,1990,5,18,1
6570,1,3,28,1,1983,9,2,11
6571,2,3,28,1,1987,5,26,1
6572,2,3,28,1,1987,7,8,10
6573,2,3,28,1,1989,6,21,10
6859,1,5,29,1,1989,1,6,11
6860,1,5,29,1,1990,1,18,1
6861,2,5,29,1,1990,5,11,1
6862,1,5,29,1,1990,5,17,10
6863,1,5,29,1,1990,8,31,1
7030,1,3,32,1,1979,10,23,10
7031,1,5,32,1,1985,12,6,11
7033,1,5,32,1,1989,6,23,1
7034,1,5,32,1,1990,6,3,10
9407,1,5,37,1,1984,3,16,1
9408,1,5,37,2,1984,11,2,1
9409,1,5,37,1,1986,9,19,11
9988,1,5,40,1,1990,9,10,1
11844,1,2,45,1,1985,1,11,19
11845,1,2,45,1,1986,11,10,19
11846,1,2,45,1,1990,4,27,1
12952,2,5,48,1,1982,12,7,1
12953,1,5,48,1,1984,3,14,10
12954,1,5,48,1,1984,3,31,1
12955,1,5,48,1,1984,10,30,1
12956,1,5,48,1,1985,1,16,1
12957,1,5,48,1,1985,3,13,11
12958,5,5,48,1,1985,5,15,10
12959,2,5,48,1,1985,6,25,10
12960,5,5,48,1,1985,7,9,1
12961,1,5,48,1,1985,10,11,10
12962,1,5,48,1,1986,3,11,1
12963,1,5,48,1,1986,4,16,11
12964,1,5,48,1,1986,5,15,11
12965,5,5,48,1,1986,6,9,1
12966,1,5,48,1,1986,6,19,11
12967,1,5,48,1,1986,8,20,10
12968,2,5,48,1,1986,8,22,10
12969,1,5,48,1,1986,8,26,11
12970,2,5,48,1,1986,12,4,10
12971,5,5,48,1,1986,12,18,11
12972,5,5,48,1,1987,1,30,23
12973,5,5,48,1,1987,3,4,1
12974,2,5,48,1,1987,5,28,11
12975,1,5,48,1,1987,6,24,10
12976,1,5,48,1,1987,7,8,1
12977,1,5,48,1,1987,9,10,23
12978,1,5,48,1,1988,1,7,23
12979,2,5,48,1,1988,11,3,1
12980,2,5,48,1,1988,12,13,1
12981,2,5,48,1,1989,3,22,1
12982,1,5,48,1,1989,5,24,11
12983,1,5,48,1,1989,9,20,1
12984,5,5,48,1,1989,12,7,10
12985,2,5,48,1,1990,4,21,10
12986,1,5,48,1,1990,5,17,1
12988,1,5,48,1,1990,7,18,1
12989,2,5,48,1,1991,2,26,10
13033,1,4,49,1,1977,1,17,10
13034,2,5,49,1,1987,8,28,1
13035,1,5,49,1,1988,6,10,24
14339,1,2,51,1,1982,8,10,10
14340,2,2,51,1,1984,10,12,1
14341,2,2,51,1,1985,4,18,1
14342,2,2,51,1,1985,6,25,11
14343,2,2,51,1,1986,7,31,11
14344,1,2,51,1,1987,7,6,11
14345,2,2,51,1,1988,4,14,10
14346,2,2,51,1,1989,8,30,11
14347,1,2,51,1,1990,7,19,10
14348,2,2,51,1,1990,10,17,1
14349,1,2,51,1,1990,12,13,11
14633,1,2,1,1,1992,3,20,6
14637,2,2,1,1,1996,2,16,24
14638,1,2,1,1,1997,1,10,26
14640,1,2,1,1,1997,6,6,24
14641,1,2,1,1,1998,5,8,11
14642,2,2,1,1,1999,6,18,10
14643,2,2,1,1,1999,8,6,11
14644,1,2,1,1,2000,1,7,25
14645,2,2,1,1,2000,3,3,10
14646,2,2,1,1,2000,4,14,10
14647,2,2,1,1,2000,6,2,23
14648,1,2,1,2,2002,5,10,1
14649,1,5,1,1,2002,12,12,10
14650,1,3,4,1,1992,4,6,10
14651,1,5,4,1,1993,3,3,1
14652,1,5,4,1,1993,4,14,10
14653,1,5,4,1,1995,9,13,1
14654,1,5,4,1,1996,6,19,24
14655,5,5,4,1,1996,8,22,11
14656,1,5,4,1,1997,1,23,1
14657,1,5,4,1,1997,6,25,26
14658,5,5,4,1,1998,1,21,10
14659,5,5,4,1,1998,4,22,1
14660,1,5,4,1,1998,4,29,10
14661,1,5,4,1,1998,6,3,10
14662,1,5,4,1,1999,1,13,19
14663,3,5,4,1,1999,2,3,10
14664,1,5,4,1,1999,2,24,10
14665,1,3,4,1,1999,3,3,10
14666,1,5,4,1,1999,5,5,26
14667,1,5,4,1,1999,6,16,25
14668,5,5,4,1,1999,10,27,26
14669,1,5,4,1,2000,2,16,1
14670,1,5,4,1,2000,3,15,25
14671,1,5,4,1,2000,11,8,6
14672,2,5,5,1,1992,1,24,1
14673,1,5,5,1,1992,5,7,1
14674,2,5,5,1,1994,5,11,10
14675,1,5,5,1,1994,5,11,10
14676,1,5,5,1,1994,8,3,10
14677,1,5,5,1,1994,8,3,10
14678,1,5,5,1,1994,8,3,10
14679,2,5,5,1,1995,4,19,10
14680,2,5,5,1,1995,8,31,11
14681,2,5,5,1,1996,8,8,24
14682,1,5,5,1,1997,1,8,1
14683,5,5,5,1,1997,1,8,1
14684,2,5,5,1,1997,1,8,10
14685,1,5,5,1,1997,8,6,10
14686,1,5,5,1,1998,7,8,1
14687,1,5,5,1,1999,2,16,26
14688,1,5,5,1,1999,4,12,10
14689,1,5,5,1,1999,9,8,19
14690,1,5,5,1,1999,9,8,1
14691,1,5,5,2,2000,5,2,1
14692,2,5,5,1,2000,12,19,10
14693,1,5,5,1,2001,5,8,1
14694,1,3,6,1,1992,4,21,25
14695,1,3,6,1,1993,8,24,19
14696,1,5,6,1,1996,2,23,19
14697,1,5,6,1,1996,5,3,24
14699,4,5,6,1,1999,2,9,10
14700,2,5,6,1,1999,5,4,10
14701,3,5,6,1,2000,3,15,11
14702,1,5,6,1,2001,3,27,10
14703,1,5,6,1,2002,1,29,23
14704,1,5,8,1,1997,10,13,24
14705,1,5,10,1,1992,3,14,11
14709,1,5,10,1,1995,3,17,10
14710,1,1,10,1,1996,1,25,1
14711,2,5,10,1,1996,1,30,1
14713,1,5,10,1,1999,4,23,26
14714,2,5,10,1,1999,9,24,10
14715,2,5,10,1,2000,11,17,1
14717,2,5,10,1,2001,5,25,1
14718,1,2,12,1,1992,5,12,10
14719,2,2,12,1,1992,7,21,1
14720,1,2,12,1,1993,4,21,1
14721,1,2,12,1,1993,5,5,10
14722,1,2,12,1,1993,8,25,1
14723,1,2,12,1,1994,4,22,11
14724,2,2,12,1,1995,7,18,26
14725,1,2,12,1,1995,12,4,10
14726,1,2,12,1,1995,12,5,11
14727,2,2,12,1,1996,10,21,24
14728,2,2,12,1,1996,12,6,23
14729,5,2,12,1,1997,3,25,10
14730,1,2,12,1,1998,3,23,24
14731,2,2,12,1,1998,3,24,1
14732,1,2,12,2,1998,3,30,1
14733,3,2,12,1,1998,3,31,10
14734,1,2,12,1,1999,7,8,1
14735,1,5,12,1,2000,2,23,10
14736,1,5,12,1,2000,2,24,24
14737,2,5,12,1,2000,6,7,1
14738,1,5,12,1,2000,6,22,1
14739,1,5,12,1,2000,8,25,1
14740,5,5,12,1,2000,12,7,1
14741,1,5,12,1,2001,1,11,24
14742,5,5,12,1,2002,10,2,11
14743,1,5,12,2,2002,10,9,10
14744,2,5,12,1,2002,12,9,25
14745,1,2,13,1,1993,6,28,19
14746,1,2,13,1,1993,12,7,23
14747,2,2,13,1,1994,3,31,1
14748,1,2,13,1,1995,4,7,10
14749,1,2,13,1,1995,5,17,11
14750,1,2,13,1,1996,11,14,1
14751,1,2,13,1,1996,11,15,19
14752,1,2,13,1,1998,6,10,10
14753,1,5,13,1,2002,1,24,25
14754,1,5,13,1,2002,3,12,10
14755,1,5,13,1,2002,8,16,1
14756,1,5,13,1,2002,11,13,10
14757,1,5,16,1,1994,1,6,1
14758,1,5,17,1,1994,5,10,11
14759,2,5,17,1,1995,3,22,24
14761,2,5,17,1,1995,5,17,10
14762,1,5,17,1,1995,9,20,1
14763,1,5,17,1,1995,11,22,11
14764,2,5,17,1,1996,9,18,1
14765,2,5,17,1,1997,11,19,10
14766,2,5,17,1,1997,11,19,11
14767,1,5,17,1,1998,1,21,10
14768,1,5,17,1,1999,3,17,1
14769,2,2,18,1,1994,12,8,1
14770,2,5,18,1,1996,7,18,1
14771,2,5,18,1,1997,11,20,10
14772,1,5,18,1,1998,1,29,1
14773,1,5,18,1,1999,12,9,23
14774,1,5,18,1,2001,3,14,10
14775,1,5,18,1,2001,6,27,23
14776,1,2,21,1,1997,7,1,10
14777,1,5,21,1,1999,5,25,1
14778,1,5,22,1,1993,3,5,26
14779,2,5,22,1,1995,5,16,1
14780,2,5,22,1,1996,3,1,10
14781,1,5,22,1,1997,4,24,10
14782,2,5,22,1,1999,1,8,1
14783,2,5,22,1,2000,6,6,10
14784,1,5,22,1,2002,5,10,11
14785,1,5,24,1,1994,5,17,1
14786,2,5,24,1,1997,7,2,1
14788,1,5,28,1,2002,7,17,1
14789,1,5,28,1,2002,12,11,24
14790,1,5,29,1,1992,10,21,26
14791,2,5,29,1,1993,1,27,1
14792,2,5,29,1,1993,7,21,6
14793,2,5,29,1,1993,7,28,1
14794,1,5,29,1,1993,10,6,1
14795,2,5,29,1,1995,5,3,10
14796,2,5,29,1,1995,6,21,1
14797,1,5,29,1,1995,7,26,10
14798,1,5,29,1,1995,11,15,1
14799,2,5,29,1,1995,11,29,11
14800,2,5,29,1,1995,12,6,1
14801,1,5,29,1,1996,2,21,1
14802,1,5,29,1,1996,4,10,23
14803,3,5,29,1,1996,7,31,1
14804,2,5,29,1,1996,8,7,23
14805,1,5,29,1,1996,8,21,24
14806,1,5,29,1,1996,12,11,1
14807,1,5,29,1,1997,1,29,10
14808,1,5,29,1,1997,8,6,1
14809,1,5,29,1,1997,8,13,1
14810,1,5,29,1,1997,8,20,24
14811,2,5,29,1,1997,9,24,10
14812,1,5,29,1,1997,10,22,6
14813,2,5,29,1,1998,2,25,10
14814,2,5,29,1,1998,3,25,10
14815,1,5,29,1,1998,4,22,1
14816,2,5,29,1,1999,1,13,24
14817,1,5,29,1,1999,2,24,1
14818,1,5,29,1,1999,3,10,1
14819,2,5,29,1,1999,4,14,1
14820,2,5,29,1,1999,4,28,1
14821,2,5,29,1,1999,5,26,10
14822,2,5,29,1,1999,6,16,24
14823,1,5,29,1,1999,6,30,1
14824,1,5,29,1,1999,9,1,26
14825,1,5,29,1,2000,3,22,24
14826,1,5,29,1,2000,6,28,10
14827,1,5,29,1,2000,8,30,10
14828,2,5,29,1,2000,9,13,10
14829,1,5,29,1,2000,11,15,1
14830,1,5,29,1,2001,2,7,1
14831,1,5,29,1,2001,3,28,10
14832,2,5,29,1,2001,4,25,10
14834,1,5,29,1,2002,1,9,1
14835,2,5,29,1,2002,2,6,24
14836,1,5,29,1,2002,3,6,23
14837,1,5,29,1,2002,4,10,25
14838,1,5,29,1,2002,8,14,1
14839,1,5,29,1,2002,11,20,10
14840,1,5,30,1,1995,5,10,24
14841,1,5,30,1,1998,2,24,24
14843,1,5,32,1,1996,3,30,1
14846,5,5,32,1,1998,10,5,10
14847,4,5,32,1,1999,4,5,10
14848,1,5,32,1,2001,4,21,24
14850,1,3,37,1,1994,6,15,10
14851,1,5,37,1,1995,1,24,11
14852,1,5,37,1,1995,9,22,1
14853,1,3,37,1,1998,1,30,11
14854,1,5,37,1,1998,8,14,1
14855,1,5,37,1,1998,11,20,1
14856,1,5,37,1,1999,3,26,1
14857,2,5,37,1,1999,9,24,1
14858,1,5,37,1,1999,10,21,1
14859,2,5,37,1,1999,11,19,10
14860,2,5,37,1,2000,11,9,11
14861,2,5,37,1,2001,3,9,23
14862,1,5,37,1,2002,12,6,6
14863,2,5,37,1,2002,12,10,10
14864,1,5,39,1,1999,2,19,10
14865,2,5,39,1,2001,6,14,10
14866,1,5,39,1,2002,2,19,10
14867,2,5,39,1,2002,4,26,25
14868,1,5,39,1,2002,9,25,11
14869,2,5,40,1,1992,3,10,10
14871,1,5,40,1,1995,3,20,23
14872,1,5,40,1,1995,7,1,10
14873,2,5,40,1,1995,8,11,1
14874,1,5,40,1,1996,4,26,10
14875,1,5,40,1,1996,8,9,10
14876,3,5,40,1,1997,5,8,10
14877,1,5,40,1,1998,2,20,1
14879,4,5,40,1,1998,12,10,1
14880,1,5,40,1,1998,12,17,1
14881,5,5,40,1,1999,1,7,1
14882,1,5,40,1,1999,2,4,1
14883,1,5,40,1,1999,6,3,1
14884,1,5,40,1,1999,7,8,10
14885,2,5,40,1,1999,12,2,19
14886,2,5,40,1,1999,12,9,10
14887,2,5,40,1,2000,1,6,11
14888,1,5,40,1,2000,1,13,25
14889,2,5,40,1,2000,2,10,11
14890,2,5,40,1,2000,3,23,19
14891,2,5,40,1,2000,4,27,10
14892,2,5,40,1,2000,5,25,10
14893,3,5,40,1,2000,6,1,1
14894,1,5,40,1,2000,6,8,25
14895,2,5,40,1,2000,6,15,6
14896,1,5,40,1,2000,7,20,10
14897,1,5,40,1,2000,8,10,24
14898,2,5,40,1,2001,1,9,19
14899,2,5,40,2,2001,1,11,1
14900,1,5,40,1,2001,1,16,1
14901,5,5,40,1,2001,1,18,26
14902,1,5,40,1,2001,1,23,10
14903,1,5,40,1,2001,1,25,10
14904,1,5,40,1,2001,1,30,26
14905,1,5,40,1,2001,2,1,1
14906,1,5,40,1,2001,3,1,1
14907,1,5,40,1,2001,3,27,1
14908,1,5,40,2,2001,5,1,6
14909,1,5,40,1,2001,5,22,1
14910,2,5,40,1,2001,5,29,6
14911,1,5,40,1,2001,6,11,1
14912,1,5,40,1,2002,1,29,10
14913,1,5,40,1,2002,1,31,10
14914,1,5,40,1,2002,7,23,25
14915,1,5,40,1,2002,7,30,1
14916,1,5,40,1,2002,12,10,10
14917,1,5,40,1,2002,12,12,10
14918,2,5,40,1,2002,12,17,10
14919,1,5,41,1,1996,9,6,24
14920,1,5,41,1,1997,5,16,24
14921,1,5,42,1,1995,5,2,1
14922,1,5,42,1,1995,8,16,1
14923,1,5,42,1,1999,7,6,11
14924,2,5,45,1,1995,8,18,25
14925,1,5,45,1,1996,5,31,1
14926,1,5,45,1,1996,7,19,1
14927,1,5,45,1,1996,9,6,11
14928,1,2,45,1,1996,10,4,24
14929,1,5,45,1,1996,11,15,10
14930,2,5,45,1,1996,11,22,11
14931,1,5,45,1,1997,6,13,10
14932,2,5,45,1,1997,11,7,10
14933,1,5,45,1,1998,3,6,11
14936,2,5,45,1,1998,12,4,10
14937,2,5,45,1,1998,12,4,10
14940,2,5,45,1,1999,1,8,23
14941,1,5,45,1,1999,1,22,1
14942,2,5,45,1,1999,11,12,25
14943,1,5,45,1,1999,12,3,10
14944,2,5,45,1,2000,11,3,10
14945,1,5,45,1,2002,5,3,1
14946,2,5,45,1,2002,8,23,10
14947,1,5,45,1,2002,9,13,26
14948,5,5,48,1,1992,1,22,10
14949,1,5,48,1,1992,2,11,11
14950,1,5,48,1,1992,2,28,1
14951,1,5,48,1,1992,3,3,23
14953,1,5,48,1,1992,5,7,10
14954,5,5,48,1,1992,5,20,11
14955,1,5,48,1,1992,5,22,6
14956,2,5,48,1,1992,8,11,23
14957,2,5,48,1,1992,9,22,10
14959,2,5,48,1,1992,12,10,24
14960,5,5,48,1,1993,3,23,10
14961,5,5,48,1,1993,3,25,1
14962,2,5,48,1,1993,5,4,23
14963,5,5,48,1,1993,5,12,1
14964,1,5,48,1,1993,5,18,10
14965,1,5,48,1,1993,6,29,1
14966,2,5,48,1,1993,7,1,10
14967,2,5,48,1,1993,7,30,10
14968,1,5,48,1,1993,8,5,10
14969,1,5,48,1,1993,8,12,10
14970,2,5,48,1,1993,8,20,25
14971,5,5,48,1,1993,8,24,10
14972,2,5,48,1,1993,8,31,10
14973,1,5,48,1,1993,9,3,24
14974,2,5,48,1,1993,9,28,24
14975,1,5,48,1,1993,11,10,25
14976,2,5,48,1,1993,12,15,10
14977,1,5,48,1,1994,2,2,10
14978,2,5,48,1,1994,3,31,25
14979,1,5,48,1,1994,4,4,25
14980,1,5,48,1,1994,4,26,25
14981,2,5,48,1,1994,5,3,1
14982,1,5,48,1,1994,5,27,1
14983,1,5,48,1,1994,6,14,25
14984,1,5,48,1,1994,8,2,10
14985,5,5,48,1,1994,9,16,10
14986,1,5,48,1,1994,9,20,1
14988,1,5,48,1,1994,11,22,10
14989,2,5,48,1,1994,12,6,23
14990,1,5,48,1,1994,12,11,10
14991,1,5,48,1,1995,1,4,24
14992,5,5,48,1,1995,1,17,1
14993,1,5,48,1,1995,1,31,10
14994,2,5,48,1,1995,1,31,10
14995,1,5,48,1,1995,2,7,25
14996,1,5,48,1,1995,2,16,10
14997,2,5,48,1,1995,2,21,11
14998,1,5,48,1,1995,4,6,10
14999,1,5,48,1,1995,6,1,19
15000,2,5,48,1,1995,6,8,10
15001,2,5,48,1,1995,6,20,23
15002,2,5,48,1,1995,6,21,11
15003,2,5,48,1,1995,8,15,1
15004,2,5,48,1,1995,9,19,10
15005,1,5,48,1,1995,10,4,10
15006,2,5,48,1,1995,12,6,1
15007,4,5,48,1,1995,12,7,1
15008,5,5,48,1,1995,12,11,11
15009,1,5,48,1,1995,12,12,23
15010,1,5,48,1,1996,2,9,10
15011,2,5,48,1,1996,2,27,11
15012,5,5,48,1,1996,9,18,23
15013,1,5,48,1,1997,2,10,24
15014,2,5,48,1,1997,3,12,19
15015,1,5,48,1,1997,4,2,10
15016,1,5,48,1,1997,4,3,1
15017,1,5,48,1,1997,4,14,19
15018,1,5,48,1,1997,4,16,1
15019,1,5,48,1,1997,4,21,11
15020,1,5,48,1,1997,4,29,23
15021,2,5,48,1,1997,5,6,10
15022,2,5,48,1,1997,5,13,10
15024,1,5,48,1,1997,5,19,23
15025,1,5,48,1,1997,5,20,25
15026,2,5,48,1,1997,5,21,10
15027,1,5,48,1,1997,5,22,10
15028,1,5,48,1,1997,5,28,1
15029,2,5,48,1,1997,6,2,10
15030,2,5,48,1,1997,6,3,11
15031,2,5,48,1,1997,6,4,10
15032,5,5,48,1,1997,6,4,11
15033,1,5,48,1,1997,6,11,10
15034,1,5,48,1,1997,6,16,10
15035,2,5,48,1,1997,6,17,24
15036,5,5,48,1,1997,6,18,10
15038,2,5,48,1,1997,9,9,23
15039,2,5,48,1,1997,9,22,10
15040,1,5,48,1,1997,9,25,11
15041,1,5,48,1,1997,9,30,10
15042,2,5,48,1,1997,10,1,10
15043,1,5,48,1,1997,10,8,11
15044,2,5,48,1,1997,10,28,1
15045,4,5,48,1,1997,11,4,24
15046,1,5,48,1,1997,11,6,25
15047,1,5,48,1,1997,11,19,24
15048,2,5,48,1,1997,11,21,10
15049,1,5,48,1,1997,12,9,1
15050,1,5,48,2,1998,2,3,10
15051,1,5,48,1,1998,2,9,1
15052,1,5,48,1,1998,3,11,26
15053,1,5,48,1,1998,4,24,1
15054,1,5,48,1,1998,4,24,1
15055,1,5,48,1,1998,4,29,1
15056,2,5,48,1,1998,5,18,10
15057,5,5,48,1,1998,5,19,11
15058,1,5,48,1,1998,6,11,10
15059,1,5,48,1,1998,6,15,1
15061,5,5,48,1,1998,8,26,1
15062,1,5,48,1,1998,9,9,10
15063,5,5,48,1,1998,9,23,10
15064,5,5,48,1,1998,10,1,1
15065,1,5,48,1,1998,10,7,1
15066,1,5,48,1,1998,11,17,24
15069,2,5,48,1,1998,12,15,1
15070,1,5,48,1,1999,1,5,11
15071,1,5,48,1,1999,1,13,1
15072,5,5,48,1,1999,1,26,1
15073,5,5,48,1,1999,2,10,1
15074,1,5,48,1,1999,2,11,10
15075,5,5,48,1,1999,2,16,6
15076,2,5,48,1,1999,2,24,10
15077,2,5,48,1,1999,3,26,25
15078,1,5,48,1,1999,3,30,10
15079,1,5,48,1,1999,4,28,1
15080,5,5,48,1,1999,5,4,10
15081,2,5,48,1,1999,5,5,23
15082,1,5,48,1,1999,6,1,1
15083,1,5,48,1,1999,6,17,1
15084,1,5,48,1,1999,7,1,10
15085,2,5,48,1,1999,7,7,11
15086,1,5,48,1,1999,8,4,10
15087,2,5,48,1,1999,8,5,19
15088,2,5,48,1,1999,8,10,10
15089,1,5,48,1,1999,8,11,24
15090,5,5,48,1,1999,8,18,23
15091,1,5,48,1,1999,9,1,10
15093,2,5,48,1,1999,9,14,10
15094,1,5,48,1,1999,9,21,10
15095,1,5,48,1,1999,10,12,1
15096,1,5,48,1,1999,10,14,11
15097,3,5,48,1,1999,10,28,11
15098,2,5,48,1,1999,11,16,1
15099,1,5,48,1,1999,11,17,10
15100,5,5,48,1,1999,11,18,10
15101,1,5,48,1,1999,12,8,1
15102,1,5,48,1,1999,12,9,1
15103,1,5,48,1,1999,12,14,10
15104,2,5,48,1,1999,12,15,10
15105,1,5,48,1,2000,1,12,25
15106,1,5,48,1,2000,1,18,25
15107,2,5,48,1,2000,1,20,11
15108,1,5,48,1,2000,1,21,1
15109,1,5,48,1,2000,1,24,1
15110,2,5,48,1,2000,1,25,10
15111,2,5,48,1,2000,2,23,23
15112,1,5,48,2,2000,2,24,1
15113,2,5,48,1,2000,3,1,19
15114,2,5,48,1,2000,3,14,10
15115,1,5,48,1,2000,3,15,11
15116,1,5,48,1,2000,5,4,25
15117,1,5,48,1,2000,5,9,25
15118,1,5,48,1,2000,5,11,1
15119,2,5,48,1,2000,5,23,10
15120,1,5,48,1,2000,5,24,10
15121,2,5,48,1,2000,5,25,24
15123,1,5,48,1,2000,6,12,1
15124,2,5,48,1,2000,6,14,10
15125,5,5,48,1,2000,6,15,23
15126,2,5,48,1,2000,6,22,10
15127,5,5,48,1,2000,6,29,10
15128,1,5,48,1,2000,7,12,11
15129,5,5,48,1,2000,7,26,10
15130,2,5,48,1,2000,8,9,23
15131,5,5,48,1,2000,8,9,11
15132,2,5,48,1,2000,8,16,10
15133,1,5,48,1,2000,8,22,25
15134,1,5,48,1,2000,8,23,23
15135,2,5,48,1,2000,8,30,1
15136,1,5,48,1,2000,9,27,11
15137,1,5,48,1,2000,11,1,6
15138,5,5,48,1,2000,11,9,24
15140,2,5,48,1,2000,11,15,24
15141,1,5,48,1,2000,12,5,24
15142,1,5,48,1,2000,12,6,1
15143,1,5,48,1,2000,12,7,10
15144,1,5,48,1,2000,21,27,1
15145,1,5,48,1,2001,1,9,11
15146,1,5,48,1,2001,1,18,24
15147,2,5,48,1,2001,1,29,11
15148,5,5,48,1,2001,2,8,10
15149,1,5,48,1,2001,3,7,1
15150,1,5,48,1,2001,4,3,1
15151,2,5,48,1,2001,4,25,24
15152,1,5,48,1,2001,6,13,1
15154,2,5,48,1,2002,1,16,10
15155,2,5,48,1,2002,1,30,1
15156,1,5,48,1,2002,1,31,1
15157,1,5,48,1,2002,2,28,10
15158,2,5,48,1,2002,3,7,1
15159,5,5,48,1,2002,4,10,1
15161,1,5,48,1,2002,4,18,10
15162,5,5,48,1,2002,4,30,10
15163,2,5,48,1,2002,5,9,11
15164,1,5,48,1,2002,5,16,1
15165,5,5,48,1,2002,5,22,10
15166,2,5,48,1,2002,5,28,10
15167,1,5,48,1,2002,5,30,10
15168,1,5,48,1,2002,6,13,10
15169,1,5,48,1,2002,6,25,1
15170,2,5,48,1,2002,6,26,11
15171,1,5,48,1,2002,8,7,10
15172,2,5,48,1,2002,8,8,10
15173,5,5,48,1,2002,8,14,10
15174,1,5,48,1,2002,8,20,11
15175,2,5,48,1,2002,8,28,10
15176,2,5,48,1,2002,9,10,10
15177,1,5,48,1,2002,9,17,10
15178,1,5,48,1,2002,9,18,23
15179,1,5,48,1,2002,9,24,1
15180,2,5,48,1,2002,9,25,10
15181,1,5,48,1,2002,10,1,24
15182,1,5,48,1,2002,11,19,1
15183,1,5,48,1,2002,11,20,1
15184,5,5,48,1,2002,12,4,1
15185,1,5,48,1,2002,12,11,1
15187,1,4,49,1,1996,1,26,11
15188,1,5,49,1,1999,10,15,10
15189,1,2,51,1,1992,5,20,11
15190,1,2,51,1,1992,7,23,11
15193,2,2,51,1,1993,1,19,10
15195,1,2,51,1,1993,6,17,11
15197,1,2,51,1,1993,12,16,11
15198,2,2,51,1,1994,3,3,10
15199,2,2,51,1,1994,4,27,11
15200,2,5,51,1,1995,1,24,10
15201,2,5,51,1,1995,6,25,10
15202,1,5,51,1,1995,9,27,6
15203,2,5,51,1,1995,10,19,1
15204,1,5,51,1,1995,11,13,10
15205,1,5,51,1,1996,1,4,10
15206,2,5,51,1,1996,1,23,10
15207,1,5,51,1,1996,7,17,10
15208,2,5,51,1,1996,11,21,23
15209,1,5,51,1,1996,12,3,1
15210,2,5,51,1,1996,12,10,10
15211,1,5,51,1,1996,12,12,11
15212,1,5,51,1,1996,12,16,19
15213,1,5,51,1,1997,2,6,25
15214,2,5,51,1,1997,2,26,25
15215,1,5,51,1,1997,7,17,1
15216,1,5,51,1,1997,7,23,11
15217,2,5,51,1,1997,8,19,10
15218,5,5,51,1,1997,9,17,6
15219,2,5,51,1,1997,11,13,10
15220,2,5,51,1,1997,12,9,19
15221,1,5,51,1,1997,12,11,19
15222,2,5,51,1,1998,2,10,10
15223,1,5,51,1,1998,3,18,1
15224,2,5,51,1,1998,3,25,10
15225,5,5,51,1,1998,4,14,11
15227,1,5,51,1,1998,7,23,10
15229,2,5,51,1,1998,8,31,1
15230,1,2,51,1,1998,9,23,1
15233,2,5,51,1,1998,11,17,1
15235,2,5,51,1,1999,1,20,10
15236,1,5,51,1,1999,2,4,10
15237,1,5,51,1,1999,3,9,10
15238,1,5,51,1,1999,3,25,6
15239,2,5,51,1,1999,4,13,10
15240,1,5,51,1,1999,4,20,10
15241,1,5,51,1,1999,4,28,1
15242,1,5,51,1,1999,4,29,10
15243,1,5,51,1,1999,7,21,25
15244,2,5,51,1,1999,8,17,6
15245,1,5,51,1,1999,9,16,24
15246,2,5,51,1,1999,10,19,10
15247,2,5,51,1,1999,11,9,1
15248,2,5,51,1,1999,12,9,10
15249,1,5,51,1,2000,1,10,1
15250,1,5,51,1,2000,1,13,10
15251,2,5,51,1,2000,3,16,1
15252,1,2,51,1,2000,7,6,10
15253,1,5,51,1,2000,8,30,11
15254,1,5,51,1,2000,9,14,11
15255,2,5,51,1,2000,10,10,10
15256,2,5,51,1,2000,12,6,1
15257,1,5,51,1,2001,3,1,10
15258,1,5,51,1,2002,3,14,19
15259,1,5,51,1,2002,4,2,24
15260,2,5,51,1,2002,6,12,25
15261,6,5,51,1,2002,11,14,1
15262,1,1,53,1,1993,1,5,11
15264,1,5,53,1,1998,10,13,11
15265,1,5,53,1,2001,8,28,11
15266,1,5,54,1,2000,4,19,11
15267,1,5,56,1,1992,1,22,26
